source_file,title_candidate,body_chars,best_collection,best_overlap,whole_body_contained,decision,selected_for_master
contos/macn008.txt,"Conto, Três Tesouros Perdidos, 1858",3728,contos/macn007.txt,0.0,False,sem sobreposição alta: possível texto adicional; requer revisão de escopo,True
contos/macn009.txt,"Conto, O País das quimeras, 1862",29859,contos/macn007.txt,0.0,False,sem sobreposição alta: possível texto adicional; requer revisão de escopo,True
contos/macn010.txt,"Conto, Virginius, 1864",28695,contos/macn007.txt,0.0,False,sem sobreposição alta: possível texto adicional; requer revisão de escopo,True
contos/macn011.txt,"CONTO, Casada e viúva, 1864",28403,contos/macn005.txt,0.0012,False,sem sobreposição alta: possível texto adicional; requer revisão de escopo,True
contos/macn012.txt,"Conto, O anjo das donzelas, 1864",35208,contos/macn007.txt,0.0,False,sem sobreposição alta: possível texto adicional; requer revisão de escopo,True
contos/macn013.txt,"Conto, Questão de Vaidade, 1864",87606,contos/macn002.txt,0.0007,False,sem sobreposição alta: possível texto adicional; requer revisão de escopo,True
contos/macn014.txt,"Conto, Cinco mulheres, 1865",32389,contos/macn007.txt,0.0,False,sem sobreposição alta: possível texto adicional; requer revisão de escopo,True
contos/macn015.txt,"Conto, Uma excursão milagrosa, 1866",33667,contos/macn007.txt,0.0,False,sem sobreposição alta: possível texto adicional; requer revisão de escopo,True
contos/macn016.txt,"Conto, Diana, 1866",21519,contos/macn004.txt,0.0001,False,sem sobreposição alta: possível texto adicional; requer revisão de escopo,True
contos/macn017.txt,"Conto, Felicidade pelo casamento, 1866",46210,contos/macn007.txt,0.0,False,sem sobreposição alta: possível texto adicional; requer revisão de escopo,True
contos/macn018.txt,"Conto, Fernando e Fernanda, 1866",34018,contos/macn007.txt,0.0,False,sem sobreposição alta: possível texto adicional; requer revisão de escopo,True
contos/macn019.txt,"Conto, O oráculo, 1866",12056,contos/macn007.txt,0.0,False,sem sobreposição alta: possível texto adicional; requer revisão de escopo,True
contos/macn020.txt,"Conto, O pai, 1866",55894,contos/macn007.txt,0.0,False,sem sobreposição alta: possível texto adicional; requer revisão de escopo,True
contos/macn021.txt,"Conto, A pianista, 1866",50258,contos/macn007.txt,0.0,False,sem sobreposição alta: possível texto adicional; requer revisão de escopo,True
contos/macn022.txt,"Conto, O que são as moças, 1866",32315,contos/macn007.txt,0.0,False,sem sobreposição alta: possível texto adicional; requer revisão de escopo,True
contos/macn023.txt,"Conto, Francisca, 1867",28953,contos/macn007.txt,0.0,False,sem sobreposição alta: possível texto adicional; requer revisão de escopo,True
contos/macn024.txt,"Conto, História de uma lágrima, 1867",23889,contos/macn007.txt,0.0,False,sem sobreposição alta: possível texto adicional; requer revisão de escopo,True
contos/macn025.txt,"Conto, Onda, 1867",32682,contos/macn007.txt,0.0,False,sem sobreposição alta: possível texto adicional; requer revisão de escopo,True
contos/macn026.txt,"Conto, Possível e impossível, 1867",38958,contos/macn007.txt,0.0,False,sem sobreposição alta: possível texto adicional; requer revisão de escopo,True
contos/macn027.txt,"Conto, O último dia de um poeta, 1867",48168,contos/macn007.txt,0.0,False,sem sobreposição alta: possível texto adicional; requer revisão de escopo,True
contos/macn028.txt,"Conto, O carro n° 13, 1868",26954,contos/macn007.txt,0.0,False,sem sobreposição alta: possível texto adicional; requer revisão de escopo,True
contos/macn029.txt,"Conto, Não é mel para boca de asno, 1868",35134,contos/macn007.txt,0.0,False,sem sobreposição alta: possível texto adicional; requer revisão de escopo,True
contos/macn030.txt,"Conto, O anjo Rafael, 1869",72323,contos/macn007.txt,0.0,False,sem sobreposição alta: possível texto adicional; requer revisão de escopo,True
contos/macn031.txt,"Conto, O capitão Mendonça, 1870",45347,contos/macn007.txt,0.0,False,sem sobreposição alta: possível texto adicional; requer revisão de escopo,True
contos/macn032.txt,"Conto, O rei dos caiporas, 1870",28644,contos/macn007.txt,0.0,False,sem sobreposição alta: possível texto adicional; requer revisão de escopo,True
contos/macn033.txt,"Conto, A vida eterna, 1870",28046,contos/macn001.txt,0.0,False,sem sobreposição alta: possível texto adicional; requer revisão de escopo,True
contos/macn034.txt,"CONTO, Almas Agradecidas, 1871.htm",39677,contos/macn001.txt,0.0023,False,sem sobreposição alta: possível texto adicional; requer revisão de escopo,True
contos/macn035.txt,"Conto, Ayres e Vergueiro, 1871",19165,contos/macn007.txt,0.0,False,sem sobreposição alta: possível texto adicional; requer revisão de escopo,True
contos/macn036.txt,"Conto, O Caminho de Damasco, 1871",66099,contos/macn007.txt,0.0,False,sem sobreposição alta: possível texto adicional; requer revisão de escopo,True
contos/macn037.txt,"Conto, Mariana, 1871",33427,contos/macn007.txt,0.0,False,sem sobreposição alta: possível texto adicional; requer revisão de escopo,True
contos/macn038.txt,"Conto, Uma Águia sem Asas, 1872",25776,contos/macn007.txt,0.0,False,sem sobreposição alta: possível texto adicional; requer revisão de escopo,True
contos/macn039.txt,"Conto, Uma loureira, 1872",37506,contos/macn007.txt,0.0,False,sem sobreposição alta: possível texto adicional; requer revisão de escopo,True
contos/macn040.txt,"Conto, Qual dos Dois,1872",93176,contos/macn007.txt,0.0,False,sem sobreposição alta: possível texto adicional; requer revisão de escopo,True
contos/macn041.txt,"Conto, Quem Não Quer Ser Lobo, 1872",43567,contos/macn006.txt,0.0001,False,sem sobreposição alta: possível texto adicional; requer revisão de escopo,True
contos/macn042.txt,"Conto, Rui de Leão, 1872",51388,contos/macn007.txt,0.0,False,sem sobreposição alta: possível texto adicional; requer revisão de escopo,True
contos/macn043.txt,"Conto, Decadência de dois grandes homens, 1873",25927,contos/macn007.txt,0.0,False,sem sobreposição alta: possível texto adicional; requer revisão de escopo,True
contos/macn044.txt,"Conto, Um Homem superior, 1873",27266,contos/macn007.txt,0.0,False,sem sobreposição alta: possível texto adicional; requer revisão de escopo,True
contos/macn045.txt,"Conto, Nem uma nem outra, 1873",76145,contos/macn007.txt,0.0,False,sem sobreposição alta: possível texto adicional; requer revisão de escopo,True
contos/macn046.txt,"Conto, Quem conta um conto, 1873",25824,contos/macn007.txt,0.0,False,sem sobreposição alta: possível texto adicional; requer revisão de escopo,True
contos/macn047.txt,"Conto, Tempo de crise, 1873",21371,contos/macn007.txt,0.0,False,sem sobreposição alta: possível texto adicional; requer revisão de escopo,True
contos/macn048.txt,"Conto, Miloca, 1874",43010,contos/macn007.txt,0.0,False,sem sobreposição alta: possível texto adicional; requer revisão de escopo,True
contos/macn049.txt,"Conto, Um dia de entrudo, 1874",34771,contos/macn007.txt,0.0,False,sem sobreposição alta: possível texto adicional; requer revisão de escopo,True
contos/macn050.txt,"Conto, Muitos Anos Depois, 1874",37873,contos/macn007.txt,0.0,False,sem sobreposição alta: possível texto adicional; requer revisão de escopo,True
contos/macn051.txt,"Conto, Os óculos de Pedro Antão, 1874",34308,contos/macn007.txt,0.0,False,sem sobreposição alta: possível texto adicional; requer revisão de escopo,True
contos/macn052.txt,"Conto, Valério, 1874",48809,contos/macn007.txt,0.0,False,sem sobreposição alta: possível texto adicional; requer revisão de escopo,True
contos/macn053.txt,"Conto, Antes que cases, 1875",45018,contos/macn001.txt,0.0001,False,sem sobreposição alta: possível texto adicional; requer revisão de escopo,True
contos/macn054.txt,"Conto, Brincar com fogo, 1875",20841,contos/macn007.txt,0.0,False,sem sobreposição alta: possível texto adicional; requer revisão de escopo,True
contos/macn055.txt,"Conto, A Mágoa do infeliz Cosme, 1875",22501,contos/macn007.txt,0.0,False,sem sobreposição alta: possível texto adicional; requer revisão de escopo,True
contos/macn056.txt,"Conto, Onze anos depois, 1875",31043,contos/macn006.txt,0.0001,False,sem sobreposição alta: possível texto adicional; requer revisão de escopo,True
contos/macn057.txt,"Conto, A última receita, 1875",11337,contos/macn007.txt,0.0,False,sem sobreposição alta: possível texto adicional; requer revisão de escopo,True
contos/macn058.txt,"Conto, Um esqueleto, 1875",30338,contos/macn007.txt,0.0,False,sem sobreposição alta: possível texto adicional; requer revisão de escopo,True
contos/macn059.txt,"Conto, O sainete, 1875",16599,contos/macn001.txt,0.0003,False,sem sobreposição alta: possível texto adicional; requer revisão de escopo,True
contos/macn060.txt,"Conto, Casa, não casa, 1875",25519,contos/macn007.txt,0.0,False,sem sobreposição alta: possível texto adicional; requer revisão de escopo,True
contos/macn061.txt,"Conto, Longe dos Olhos, 1876",28549,contos/macn007.txt,0.0,False,sem sobreposição alta: possível texto adicional; requer revisão de escopo,True
contos/macn062.txt,"Conto, O Astrólogo, 1876",18952,contos/macn007.txt,0.0,False,sem sobreposição alta: possível texto adicional; requer revisão de escopo,True
contos/macn063.txt,"Conto, D. Mônica, 1876",45475,contos/macn007.txt,0.0,False,sem sobreposição alta: possível texto adicional; requer revisão de escopo,True
contos/macn064.txt,"Conto, Encher tempo, 1876",63914,contos/macn003.txt,0.0,False,sem sobreposição alta: possível texto adicional; requer revisão de escopo,True
contos/macn065.txt,"Conto, O Passado, o passado, 1876",19793,contos/macn007.txt,0.0,False,sem sobreposição alta: possível texto adicional; requer revisão de escopo,True
contos/macn066.txt,"Conto, Sem olhos, 1876",36247,contos/macn007.txt,0.0,False,sem sobreposição alta: possível texto adicional; requer revisão de escopo,True
contos/macn067.txt,"Conto, To be or not to be, 1876",29434,contos/macn007.txt,0.0,False,sem sobreposição alta: possível texto adicional; requer revisão de escopo,True
contos/macn068.txt,"Conto, História de uma fita azul, 1876",29963,contos/macn007.txt,0.0,False,sem sobreposição alta: possível texto adicional; requer revisão de escopo,True
contos/macn069.txt,"Conto, Um Almoço, 1877",31037,contos/macn007.txt,0.0,False,sem sobreposição alta: possível texto adicional; requer revisão de escopo,True
contos/macn070.txt,"Conto, Um Ambicioso, 1877",38309,contos/macn007.txt,0.0,False,sem sobreposição alta: possível texto adicional; requer revisão de escopo,True
contos/macn071.txt,"Conto, A melhor das noivas, 1877",33793,contos/macn007.txt,0.0,False,sem sobreposição alta: possível texto adicional; requer revisão de escopo,True
contos/macn072.txt,"Conto, Silvestre, 1877",44390,contos/macn007.txt,0.0,False,sem sobreposição alta: possível texto adicional; requer revisão de escopo,True
contos/macn073.txt,"Conto, Antes da Missa, 1878",14782,contos/macn007.txt,0.0,False,sem sobreposição alta: possível texto adicional; requer revisão de escopo,True
contos/macn074.txt,"Conto, O Califa de Platina, 1878",12456,contos/macn007.txt,0.0,False,sem sobreposição alta: possível texto adicional; requer revisão de escopo,True
contos/macn075.txt,"Conto, Um Cão de Lata ao Rabo, 1878",12918,contos/macn007.txt,0.0,False,sem sobreposição alta: possível texto adicional; requer revisão de escopo,True
contos/macn076.txt,"Conto, Conversão de um avaro, 1878",33229,contos/macn007.txt,0.0,False,sem sobreposição alta: possível texto adicional; requer revisão de escopo,True
contos/macn077.txt,"Conto, Dívida extinta, 1878",44222,contos/macn007.txt,0.0,False,sem sobreposição alta: possível texto adicional; requer revisão de escopo,True
contos/macn078.txt,"Conto, Elogio da Vaidade, 1878",12088,contos/macn007.txt,0.0,False,sem sobreposição alta: possível texto adicional; requer revisão de escopo,True
contos/macn079.txt,"Conto, Filosofia de um Par de Botas, 1878",11757,contos/macn007.txt,0.0,False,sem sobreposição alta: possível texto adicional; requer revisão de escopo,True
contos/macn080.txt,"Conto, A Herança, 1878",16132,contos/macn007.txt,0.0,False,sem sobreposição alta: possível texto adicional; requer revisão de escopo,True
contos/macn081.txt,"Conto, O Machete, 1878",22300,contos/macn007.txt,0.0,False,sem sobreposição alta: possível texto adicional; requer revisão de escopo,True
contos/macn082.txt,"Conto, Folha Rota, 1878",14893,contos/macn007.txt,0.0,False,sem sobreposição alta: possível texto adicional; requer revisão de escopo,True
contos/macn083.txt,"Conto, A chave, 1879",37466,contos/macn007.txt,0.0,False,sem sobreposição alta: possível texto adicional; requer revisão de escopo,True
contos/macn084.txt,"Conto, O Caso da Viúva, 1881",36583,contos/macn007.txt,0.0,False,sem sobreposição alta: possível texto adicional; requer revisão de escopo,True
contos/macn085.txt,"Conto, A mulher pálida, 1881",26684,contos/macn007.txt,0.0,False,sem sobreposição alta: possível texto adicional; requer revisão de escopo,True
contos/macn086.txt,"Conto, O imortal, 1882",43202,contos/macn007.txt,0.0,False,sem sobreposição alta: possível texto adicional; requer revisão de escopo,True
contos/macn087.txt,"Conto, Letra Vencida, 1882",21444,contos/macn007.txt,0.0,False,sem sobreposição alta: possível texto adicional; requer revisão de escopo,True
contos/macn088.txt,"Conto, O programa, 1882",43002,contos/macn007.txt,0.0,False,sem sobreposição alta: possível texto adicional; requer revisão de escopo,True
contos/macn089.txt,"Conto, A idéia do Ezequiel Maia, 1883",16142,contos/macn007.txt,0.0,False,sem sobreposição alta: possível texto adicional; requer revisão de escopo,True
contos/macn090.txt,"Conto, Médico é remédio, 1883",11623,contos/macn007.txt,0.0,False,sem sobreposição alta: possível texto adicional; requer revisão de escopo,True
contos/macn091.txt,"Conto, História comum, 1883",5848,contos/macn007.txt,0.0,False,sem sobreposição alta: possível texto adicional; requer revisão de escopo,True
contos/macn092.txt,"Conto, O destinado, 1883",7466,contos/macn007.txt,0.0,False,sem sobreposição alta: possível texto adicional; requer revisão de escopo,True
contos/macn093.txt,"Conto, Troca de datas, 1883",22894,contos/macn003.txt,0.0001,False,sem sobreposição alta: possível texto adicional; requer revisão de escopo,True
contos/macn094.txt,"Conto, Questões de maridos, 1883",9030,contos/macn007.txt,0.0,False,sem sobreposição alta: possível texto adicional; requer revisão de escopo,True
contos/macn095.txt,"Conto, Três conseqüências, 1883",7746,contos/macn007.txt,0.0,False,sem sobreposição alta: possível texto adicional; requer revisão de escopo,True
contos/macn096.txt,"Conto, Vidros quebrados, 1883",9251,contos/macn007.txt,0.0,False,sem sobreposição alta: possível texto adicional; requer revisão de escopo,True
contos/macn097.txt,"Conto, Cantiga velha, 1883",18136,contos/macn007.txt,0.0,False,sem sobreposição alta: possível texto adicional; requer revisão de escopo,True
contos/macn098.txt,"Conto, Metafísica das Rosas, 1883",5818,contos/macn007.txt,0.0,False,sem sobreposição alta: possível texto adicional; requer revisão de escopo,True
contos/macn099.txt,"Conto, Trina e Una, 1884",20503,contos/macn007.txt,0.0001,False,sem sobreposição alta: possível texto adicional; requer revisão de escopo,True
contos/macn100.txt,"Conto, O contrato, 1884",7027,contos/macn007.txt,0.0,False,sem sobreposição alta: possível texto adicional; requer revisão de escopo,True
contos/macn101.txt,"Conto, A Carteira, 1884",7341,contos/macn007.txt,0.0,False,sem sobreposição alta: possível texto adicional; requer revisão de escopo,True
contos/macn102.txt,"Conto, O Melhor Remédio, 1884",5863,contos/macn007.txt,0.0,False,sem sobreposição alta: possível texto adicional; requer revisão de escopo,True
contos/macn103.txt,"Conto, A Viúva Sobral, 1884",16102,contos/macn007.txt,0.0,False,sem sobreposição alta: possível texto adicional; requer revisão de escopo,True
contos/macn104.txt,"Conto, Entre duas datas, 1884",18612,contos/macn007.txt,0.0,False,sem sobreposição alta: possível texto adicional; requer revisão de escopo,True
contos/macn105.txt,"Conto, Vinte Anos! Vinte Anos!, 1884",8626,contos/macn007.txt,0.0,False,sem sobreposição alta: possível texto adicional; requer revisão de escopo,True
contos/macn106.txt,"Conto, O Caso do Romualdo, 1884",34415,contos/macn007.txt,0.0,False,sem sobreposição alta: possível texto adicional; requer revisão de escopo,True
contos/macn107.txt,"Conto, Uma Carta, 1884",9870,contos/macn007.txt,0.0,False,sem sobreposição alta: possível texto adicional; requer revisão de escopo,True
contos/macn108.txt,"Conto, Só, 1885",16503,contos/macn007.txt,0.0,False,sem sobreposição alta: possível texto adicional; requer revisão de escopo,True
contos/macn109.txt,"Conto, Habilidoso, 1885",12263,contos/macn007.txt,0.0,False,sem sobreposição alta: possível texto adicional; requer revisão de escopo,True
contos/macn110.txt,"Conto, Viagem à roda de mim mesmo, 1885",19159,contos/macn007.txt,0.0,False,sem sobreposição alta: possível texto adicional; requer revisão de escopo,True
contos/macn111.txt,"Conto, Curta História, 1886",5443,contos/macn007.txt,0.0,False,sem sobreposição alta: possível texto adicional; requer revisão de escopo,True
contos/macn112.txt,"Conto, Um Dístico, 1886",5051,contos/macn007.txt,0.0,False,sem sobreposição alta: possível texto adicional; requer revisão de escopo,True
contos/macn113.txt,"Conto, Astúcias de marido, 1866",34417,contos/macn007.txt,0.0,False,sem sobreposição alta: possível texto adicional; requer revisão de escopo,True
contos/macn114.txt,"Conto, Pobre Cardeal, 1886",15685,contos/macn007.txt,0.0,False,sem sobreposição alta: possível texto adicional; requer revisão de escopo,True
contos/macn115.txt,"Conto, Terpsícore, 1886",16824,contos/macn007.txt,0.0,False,sem sobreposição alta: possível texto adicional; requer revisão de escopo,True
contos/macn116.txt,"Conto, Antes a Rocha Tarpéia, 1887",6928,contos/macn007.txt,0.0,False,sem sobreposição alta: possível texto adicional; requer revisão de escopo,True
contos/macn117.txt,"Conto, Identidade, 1887",20985,contos/macn007.txt,0.0,False,sem sobreposição alta: possível texto adicional; requer revisão de escopo,True
contos/macn118.txt,"Conto, Sales, 1887",15983,contos/macn007.txt,0.0,False,sem sobreposição alta: possível texto adicional; requer revisão de escopo,True
contos/macn119.txt,"Conto, Dona Jucunda, 1889",20925,contos/macn007.txt,0.0,False,sem sobreposição alta: possível texto adicional; requer revisão de escopo,True
contos/macn120.txt,"Conto, Como se inventaram os almanaques, 1890",8147,contos/macn007.txt,0.0,False,sem sobreposição alta: possível texto adicional; requer revisão de escopo,True
contos/macn121.txt,"Conto, Pobre Finoca!, 1891",22403,contos/macn007.txt,0.0,False,sem sobreposição alta: possível texto adicional; requer revisão de escopo,True
contos/macn122.txt,"Conto, O Caso Barreto, 1892.htm",21262,contos/macn007.txt,0.0,False,sem sobreposição alta: possível texto adicional; requer revisão de escopo,True
contos/macn123.txt,"Conto, Uma Partida, 1892",29579,contos/macn007.txt,0.0,False,sem sobreposição alta: possível texto adicional; requer revisão de escopo,True
contos/macn124.txt,"Conto, Um Sonho e Outro Sonho, 1892",25254,contos/macn007.txt,0.0,False,sem sobreposição alta: possível texto adicional; requer revisão de escopo,True
contos/macn125.txt,"Conto, Um Quarto de Século, 1893",29806,contos/macn007.txt,0.0,False,sem sobreposição alta: possível texto adicional; requer revisão de escopo,True
contos/macn126.txt,"Conto, Vênus! Divina Vênus!, 1893",19541,contos/macn007.txt,0.0,False,sem sobreposição alta: possível texto adicional; requer revisão de escopo,True
contos/macn127.txt,"Conto, A inglesinha Barcelos, 1894",23603,contos/macn007.txt,0.0,False,sem sobreposição alta: possível texto adicional; requer revisão de escopo,True
contos/macn128.txt,"Conto, João Fernandes, 1894",8720,contos/macn007.txt,0.0,False,sem sobreposição alta: possível texto adicional; requer revisão de escopo,True
contos/macn129.txt,"Conto, Uma Noite, 1895",26804,contos/macn007.txt,0.0,False,sem sobreposição alta: possível texto adicional; requer revisão de escopo,True
contos/macn130.txt,"Conto, Orai por ele!, 1895",4940,contos/macn007.txt,0.0,False,sem sobreposição alta: possível texto adicional; requer revisão de escopo,True
contos/macn131.txt,"Conto, Um Incêndio, 1906",8455,contos/macn007.txt,0.0,False,sem sobreposição alta: possível texto adicional; requer revisão de escopo,True
contos/macn132.txt,"Conto, Uma por Outra, 1897",46270,contos/macn007.txt,0.0,False,sem sobreposição alta: possível texto adicional; requer revisão de escopo,True
contos/macn133.txt,"Conto, Flor Anônima, 1897",9511,contos/macn007.txt,0.0,False,sem sobreposição alta: possível texto adicional; requer revisão de escopo,True
contos/macn134.txt,"Conto, Jogo do Bicho, 1904",17035,contos/macn007.txt,0.0,False,sem sobreposição alta: possível texto adicional; requer revisão de escopo,True
contos/macn135.txt,"Conto, O Escrivão Coimbra, 1906",21850,contos/macn007.txt,0.0,False,sem sobreposição alta: possível texto adicional; requer revisão de escopo,True
contos/macn136.txt,"Conto, Bagatela, 1859",30450,contos/macn007.txt,0.0,False,sem sobreposição alta: possível texto adicional; requer revisão de escopo,True
contos/macn137.txt,"Conto, Um para o outro, 1879",39284,contos/macn007.txt,0.0,False,sem sobreposição alta: possível texto adicional; requer revisão de escopo,True
