source_file,category,title_in_contents,in_index_116,role,include_in_master,decision,bytes_source_archive,caracteres_decodificados,palavras_aprox,sha256_fonte,mojibake_patterns,controles_C1,tem_replacement_character,tem_marca_edicao_moderna
contos/macn001.txt,contos,Contos Fluminenses (1870); Miss Dollar; Luís Soares; A mulher de preto; O segredo de Augusta; Confissões de uma viúva moça; Linha reta e linha curva; Frei Sim,True,item_indexado,True,item autoral indexado pelo pacote NLTK/MEC,325777,325777,56616,e862066d4019dcf63c20ada04b88149fe7b464a07c8d1198ffed08e63acd3fa1,0,0,False,True
contos/macn002.txt,contos,Histórias da meia-noite (1873); A parasita azul; As bodas de Luís Duarte; Ernesto de Tal; Aurora sem dia; O relógio de ouro; Ponto de vista,True,item_indexado,True,item autoral indexado pelo pacote NLTK/MEC,263696,263696,41846,15708824822904acc5a926d52a47ab673872d27bdda9769b6d5b4300385e2bde,0,0,False,True
contos/macn003.txt,contos,Papéis avulsos (1882); O alienista; Teoria do medalhão; A chinela turca; Na arca; D. Benedita; O segredo do bonzo; O anel de Polícrates; O empréstimo; A sereníssima república; O espelho; Uma visita de Alcibíades; Verba testamentária,True,item_indexado,True,item autoral indexado pelo pacote NLTK/MEC,319473,319473,54781,59a472130762735093e4dce1f919d66de1d35bbc5277725a10e6faf81b48c5b9,0,0,False,True
contos/macn004.txt,contos,Histórias sem data (1884); A igreja do Diabo; O lapso; Último capítulo; Cantiga de esponsais; Singular ocorrência; Galeria póstuma; Capítulo dos chapéus; Conto alexandrino; Rimas de Sapucaia!; Uma senhora; Anedota pecuniária; Fulano; A segunda vida; Noite de almirante; Manuscrito de um sacristão; Ex cathedra; A senhora do Galvão; As academias de Sião,True,item_indexado,True,item autoral indexado pelo pacote NLTK/MEC,294593,294593,50557,12f003e983b96737b44d56427fbb47bc6b2c2e109168359cbacea59325ef2975,0,0,False,True
contos/macn005.txt,contos,Várias histórias (1896); A cartomante; Entre santos; Uns braços; Um homem célebre; A desejada das gentes; A causa secreta; Trio em lá menor; Adão e Eva; O enfermeiro; O diplomático; Mariana; Conto de escola; Um apólogo; D. Paula; Viver!; O cônego ou Metafísica do estilo,True,item_indexado,True,item autoral indexado pelo pacote NLTK/MEC,253555,253555,44124,0970b95f25ad3f34af4a2fa9bcf053fffd2db93be921f99eeb5c72ac45942a7f,0,0,False,True
contos/macn006.txt,contos,Páginas recolhidas (1899); O caso da vara; O dicionário; Um erradio; Eterno!; Missa do galo; Idéias de canário; Lágrimas de Xerxes; Papéis velhos,True,item_indexado,True,item autoral indexado pelo pacote NLTK/MEC,130664,130664,22634,cbec0e52ebcb9fd4827cdf5a42169eaf819a26bb3e77efdf4e96fc4bef4e99b5,0,0,False,True
contos/macn007.txt,contos,Relíquias de Casa Velha (1906); Pai contra mãe; Maria Cora; Marcha fúnebre; Um capitão de voluntários; Suje-se gordo!; Umas férias; Evolução; Pílades e Orestes; Anedota do cabriolet,True,item_indexado,True,item autoral indexado pelo pacote NLTK/MEC,169880,169880,29761,4e4ec80eaf240c581c51316a7826ded7365bf8074c908f9b204b9d4006eb7c15,0,0,False,True
contos/macn008.txt,contos,"Conto, Três Tesouros Perdidos, 1858",False,conto_avulso,True,incluído como texto avulso sem sobreposição alta,3936,3936,714,c19efbcb8d6714eb6ab20dcfd421b5ce7f526184be1139652107c4bb08328e65,0,0,False,False
contos/macn009.txt,contos,"Conto, O País das quimeras, 1862",False,conto_avulso,True,incluído como texto avulso sem sobreposição alta,30032,30032,5210,e3067a967bc3d90e05d2602906089964b0d8815d90628761d672c65c6464216a,0,0,False,False
contos/macn010.txt,contos,"Conto, Virginius, 1864",False,conto_avulso,True,incluído como texto avulso sem sobreposição alta,28904,28904,4956,0e8aa4f93f1521b076c8c2ab66c51acf13380de68b5cf01f5d51f9ee0ef994b2,0,0,False,True
contos/macn011.txt,contos,"CONTO, Casada e viúva, 1864",False,conto_avulso,True,incluído como texto avulso sem sobreposição alta,28616,28616,4852,a80dba187288fbb427e89da2992778b2f039d918b375d26492b06158ae858af1,0,0,False,True
contos/macn012.txt,contos,"Conto, O anjo das donzelas, 1864",False,conto_avulso,True,incluído como texto avulso sem sobreposição alta,35373,35373,6183,1231abc0f276ed680a1d9ef3d556ef2bebb9b9bd50b20dd919789fdd516fdca7,0,0,False,False
contos/macn013.txt,contos,"Conto, Questão de Vaidade, 1864",False,conto_avulso,True,incluído como texto avulso sem sobreposição alta,87828,87828,15221,3c27fa9f719a3510d55b53db147c6bba020e243a6f31732977faebb06efbe19e,0,0,False,False
contos/macn014.txt,contos,"Conto, Cinco mulheres, 1865",False,conto_avulso,True,incluído como texto avulso sem sobreposição alta,32544,32544,5736,a1c6602c4d0cec501888e3897ff8401e3b3c7cc229a01a00dbd9ddf52f2ec350,0,0,False,False
contos/macn015.txt,contos,"Conto, Uma excursão milagrosa, 1866",False,conto_avulso,True,incluído como texto avulso sem sobreposição alta,33900,33900,5899,450455fa0ebd336f7c1d089c6907a3c0cd5fef1e64847626bfabb16d3636b729,0,0,False,True
contos/macn016.txt,contos,"Conto, Diana, 1866",False,conto_avulso,True,incluído como texto avulso sem sobreposição alta,21656,21656,3797,a5b008da1d15373a0b8231337daa155a89f535cffb4ce7e6e22ff11c1284bcbc,0,0,False,False
contos/macn017.txt,contos,"Conto, Felicidade pelo casamento, 1866",False,conto_avulso,True,incluído como texto avulso sem sobreposição alta,46387,46387,8213,897d3a956a466cf7adbf629cab4a218169c72513ebfc87dce61c1473a43aebd2,0,0,False,False
contos/macn018.txt,contos,"Conto, Fernando e Fernanda, 1866",False,conto_avulso,True,incluído como texto avulso sem sobreposição alta,34189,34189,5733,9a39cbc04ca062395b021a46ced4a0ea2ea6496802a171ed6241975244c496d4,0,0,False,False
contos/macn019.txt,contos,"Conto, O oráculo, 1866",False,conto_avulso,True,incluído como texto avulso sem sobreposição alta,12201,12201,2123,86cff9c44a7e1916e04c04983fe871fa45ddfcb8301fca013d5856cad4769d1d,0,0,False,False
contos/macn020.txt,contos,"Conto, O pai, 1866",False,conto_avulso,True,incluído como texto avulso sem sobreposição alta,56031,56031,9773,bc75da415e76f890b8ed5a3598cc3f67479fea709a5c0d0b9234d76989c34277,0,0,False,False
contos/macn021.txt,contos,"Conto, A pianista, 1866",False,conto_avulso,True,incluído como texto avulso sem sobreposição alta,50411,50411,8643,a75cf0657d33f0c7004cb149e2dcae74af30d51b165529af36600de5eedf6c6c,0,0,False,False
contos/macn022.txt,contos,"Conto, O que são as moças, 1866",False,conto_avulso,True,incluído como texto avulso sem sobreposição alta,32478,32478,5747,f3219e4f1fb2ceae72f7db8f334776e3da57b0e3f95d791fc6cfa6110353edb7,0,0,False,False
contos/macn023.txt,contos,"Conto, Francisca, 1867",False,conto_avulso,True,incluído como texto avulso sem sobreposição alta,29098,29098,4983,0dcffaf9553b2626b233f028fe28c791c1fa98916a4105c91b7faa479c7371ee,0,0,False,False
contos/macn024.txt,contos,"Conto, História de uma lágrima, 1867",False,conto_avulso,True,incluído como texto avulso sem sobreposição alta,24062,24062,4213,1379eafa2efbe73cbafd28f7102ae202bd160e6c012a0b4d7bbb4a9e6c84ff19,0,0,False,False
contos/macn025.txt,contos,"Conto, Onda, 1867",False,conto_avulso,True,incluído como texto avulso sem sobreposição alta,32817,32817,5681,4563fef9f085bf494e7f875a5b7e76bf00209e856cad10a85ee481bda42d1a49,0,0,False,False
contos/macn026.txt,contos,"Conto, Possível e impossível, 1867",False,conto_avulso,True,incluído como texto avulso sem sobreposição alta,39127,39127,6752,6d40067639c18a6080d3230657f2c6aec4ec606cc6169a680535e1e911e3b040,0,0,False,False
contos/macn027.txt,contos,"Conto, O último dia de um poeta, 1867",False,conto_avulso,True,incluído como texto avulso sem sobreposição alta,48343,48343,8635,6da13ba73f7fd47de4a5c845263d8cc244e2493cdae0224f55bdc76e7d4dab6d,0,0,False,False
contos/macn028.txt,contos,"Conto, O carro n° 13, 1868",False,conto_avulso,True,incluído como texto avulso sem sobreposição alta,27113,27113,4753,c736c69253f8dd8d7d3b8fd21e91471fe94ccf7bd5f51e2e89adc5c72a14bf2d,0,0,False,False
contos/macn029.txt,contos,"Conto, Não é mel para boca de asno, 1868",False,conto_avulso,True,incluído como texto avulso sem sobreposição alta,35315,35315,6111,97200ba9add003de2df189e0d6279df1f781d2e971779071f3cbef7f9513a3e5,0,0,False,False
contos/macn030.txt,contos,"Conto, O anjo Rafael, 1869",False,conto_avulso,True,incluído como texto avulso sem sobreposição alta,72476,72476,12787,dec22145362fe95b507f8f9b7935ad7a28fb63bb5389dbbbda104daf4c0d0178,0,0,False,False
contos/macn031.txt,contos,"Conto, O capitão Mendonça, 1870",False,conto_avulso,True,incluído como texto avulso sem sobreposição alta,45510,45510,7959,72f2cd7c3a249892d19858d30b81292ce38fefae0d4d7392e197940a7f9bce60,0,0,False,False
contos/macn032.txt,contos,"Conto, O rei dos caiporas, 1870",False,conto_avulso,True,incluído como texto avulso sem sobreposição alta,28807,28807,5122,cddb9c1738f138c97c8b8ab095a0ecb7d82027ed15a555bfde3792bd91c1ddd2,0,0,False,False
contos/macn033.txt,contos,"Conto, A vida eterna, 1870",False,conto_avulso,True,incluído como texto avulso sem sobreposição alta,28199,28199,4940,4076915569faf520aa490232031db1716ec82bf61545919d467bbf2de090636d,0,0,False,False
contos/macn034.txt,contos,"CONTO, Almas Agradecidas, 1871.htm",False,conto_avulso,True,incluído como texto avulso sem sobreposição alta,39898,39898,6798,27e7f86360dbc374d86e7c67780698cb16dfa70438f0c87670cac166cf73b07e,0,0,False,False
contos/macn035.txt,contos,"Conto, Ayres e Vergueiro, 1871",False,conto_avulso,True,incluído como texto avulso sem sobreposição alta,19334,19334,3291,dedac0a70085c782bccf2d32969a804d31732c913875095fcbe8924466d0ff78,0,0,False,False
contos/macn036.txt,contos,"Conto, O Caminho de Damasco, 1871",False,conto_avulso,True,incluído como texto avulso sem sobreposição alta,66324,66324,11649,a5934b5b4ec30f29d5833e5106ae1e26b22bb4bf14dcc4075b4f0994985d1d1c,0,0,False,False
contos/macn037.txt,contos,"Conto, Mariana, 1871",False,conto_avulso,True,incluído como texto avulso sem sobreposição alta,33625,33625,5761,80dccec3736eeaead44fc249d2db741e24e1f65cb787a0d0efd5bf40dfe16eb6,0,0,False,True
contos/macn038.txt,contos,"Conto, Uma Águia sem Asas, 1872",False,conto_avulso,True,incluído como texto avulso sem sobreposição alta,26001,26001,4453,d85487822c3390706acea10ed2be213f75f6ecc2899b7687e51c5ac274ecc2bf,0,0,False,False
contos/macn039.txt,contos,"Conto, Uma loureira, 1872",False,conto_avulso,True,incluído como texto avulso sem sobreposição alta,37672,37672,6559,6d0ab644a1fbea8f2264e4e51390c7e9eac7dc90206c3155908ebda8e2c74be3,0,0,False,False
contos/macn040.txt,contos,"Conto, Qual dos Dois,1872",False,conto_avulso,True,incluído como texto avulso sem sobreposição alta,93385,93385,16132,e3b1575bd9b8877fee1facc7dd12b2ac087d5da2b11cb61753e606ec629f62f1,0,0,False,False
contos/macn041.txt,contos,"Conto, Quem Não Quer Ser Lobo, 1872",False,conto_avulso,True,incluído como texto avulso sem sobreposição alta,43811,43811,7800,a9ecf6616c485ae1cd048971253ed621e2fdf13e2eac1ef7adcdb0cda704c223,0,0,False,False
contos/macn042.txt,contos,"Conto, Rui de Leão, 1872",False,conto_avulso,True,incluído como texto avulso sem sobreposição alta,51552,51552,9021,1403282196465b250ac411cadcc4eb72d7e92d2e1c58b01874ae98972af53bca,0,0,False,False
contos/macn043.txt,contos,"Conto, Decadência de dois grandes homens, 1873",False,conto_avulso,True,incluído como texto avulso sem sobreposição alta,26125,26125,4589,9f57417b8f2e00875c74b865e958d21b9a1d8f460a5df1251158a107694474f3,0,0,False,False
contos/macn044.txt,contos,"Conto, Um Homem superior, 1873",False,conto_avulso,True,incluído como texto avulso sem sobreposição alta,27439,27439,4688,c9e170a94f0d527912afaed77587e591b158812435a665eed2fa38e0d7420324,0,0,False,False
contos/macn045.txt,contos,"Conto, Nem uma nem outra, 1873",False,conto_avulso,True,incluído como texto avulso sem sobreposição alta,76312,76312,13318,d33841babb10c7c6b1cc273ed53528b08ba812067aa916841130abdb0d967d1f,0,0,False,False
contos/macn046.txt,contos,"Conto, Quem conta um conto, 1873",False,conto_avulso,True,incluído como texto avulso sem sobreposição alta,26002,26002,4628,9f96300071ccaf9fddf13097d01c06134867d03cfa942dc21e021b745bbbcdd5,0,0,False,False
contos/macn047.txt,contos,"Conto, Tempo de crise, 1873",False,conto_avulso,True,incluído como texto avulso sem sobreposição alta,21581,21581,3820,54727c4617b745ae6beec217cb1a3d628090928d4c7f2ec52fdd78e88c35f826,0,0,False,True
contos/macn048.txt,contos,"Conto, Miloca, 1874",False,conto_avulso,True,incluído como texto avulso sem sobreposição alta,43225,43225,7415,9798976facd91716dcfa4d3baeedfa4eea140f2e8bdb766315d1ebe01ca910cb,0,0,False,True
contos/macn049.txt,contos,"Conto, Um dia de entrudo, 1874",False,conto_avulso,True,incluído como texto avulso sem sobreposição alta,34947,34947,6109,bc8ea912a2d12a19d45216f4917d8dfca900756974cc66f9c1d69b95f786206f,0,0,False,False
contos/macn050.txt,contos,"Conto, Muitos Anos Depois, 1874",False,conto_avulso,True,incluído como texto avulso sem sobreposição alta,38053,38053,6576,366b73b89ac46accbfb812cd43d05faa22142cbe36a920c83ebf676ef3ad76e2,0,0,False,False
contos/macn051.txt,contos,"Conto, Os óculos de Pedro Antão, 1874",False,conto_avulso,True,incluído como texto avulso sem sobreposição alta,34498,34498,6193,f59dc4bbdf2040e207a092a1389f16d789dce1d602c1eab40374f6d77657f8b9,0,0,False,False
contos/macn052.txt,contos,"Conto, Valério, 1874",False,conto_avulso,True,incluído como texto avulso sem sobreposição alta,48959,48959,8385,5ef52dbefde16bcfd8ed0327c687806404679758e879b4158bcf362e50f57b5b,0,0,False,False
contos/macn053.txt,contos,"Conto, Antes que cases, 1875",False,conto_avulso,True,incluído como texto avulso sem sobreposição alta,45192,45192,7906,5bb977602b0426b8c9347e3ac840af405df2b46c8617bb0bb8dd2282c65349a3,0,0,False,False
contos/macn054.txt,contos,"Conto, Brincar com fogo, 1875",False,conto_avulso,True,incluído como texto avulso sem sobreposição alta,21014,21014,3662,531cad34d90c4fff81967ad3e4115c5f2dfc05dfe497b7ef315aaf0cf6b36ede,0,0,False,False
contos/macn055.txt,contos,"Conto, A Mágoa do infeliz Cosme, 1875",False,conto_avulso,True,incluído como texto avulso sem sobreposição alta,22675,22675,4005,1086df75c8b49a991feb1d00e05579fbbec4054b2053342fb4bd001149c6d078,0,0,False,False
contos/macn056.txt,contos,"Conto, Onze anos depois, 1875",False,conto_avulso,True,incluído como texto avulso sem sobreposição alta,31210,31210,5463,41d858a1eed2dcbdd69df268fae827946c4e91bdcb0317abb9c356e6f9292872,0,0,False,False
contos/macn057.txt,contos,"Conto, A última receita, 1875",False,conto_avulso,True,incluído como texto avulso sem sobreposição alta,11554,11554,1998,cfa18c42169d201db8aca1706c807311316ab335d12f6bb0b62947f1296cf80a,0,0,False,True
contos/macn058.txt,contos,"Conto, Um esqueleto, 1875",False,conto_avulso,True,incluído como texto avulso sem sobreposição alta,30557,30557,5360,fd04af961b29afd083e5e412de8f09f6b69190584979e04b7afc0f43292dd35a,0,0,False,True
contos/macn059.txt,contos,"Conto, O sainete, 1875",False,conto_avulso,True,incluído como texto avulso sem sobreposição alta,16793,16793,2887,647c804f3b66f822721639e5bd6cfd3992f19c8c19324958b4aa2a5068ae42a8,0,0,False,True
contos/macn060.txt,contos,"Conto, Casa, não casa, 1875",False,conto_avulso,True,incluído como texto avulso sem sobreposição alta,25731,25731,4608,100335953cbae0353093695b3bce8d06f48ca5bb95d73ed82ce0ce6bfbf268a6,0,0,False,True
contos/macn061.txt,contos,"Conto, Longe dos Olhos, 1876",False,conto_avulso,True,incluído como texto avulso sem sobreposição alta,28721,28721,5004,a00325cd424ee3c8fab3ac3e83ae45712239b32ea7ccd42fa016b4c50855496c,0,0,False,False
contos/macn062.txt,contos,"Conto, O Astrólogo, 1876",False,conto_avulso,True,incluído como texto avulso sem sobreposição alta,19100,19100,3348,6340a859c131f026a0f32ae818c3f42ca6400f2db1cef4166f1ff6821b3b57d5,0,0,False,False
contos/macn063.txt,contos,"Conto, D. Mônica, 1876",False,conto_avulso,True,incluído como texto avulso sem sobreposição alta,45635,45635,7969,c5256be4968f4ea743e2a421d48ae7e3f2dab6b2042045d1368ff6f83127199b,0,0,False,False
contos/macn064.txt,contos,"Conto, Encher tempo, 1876",False,conto_avulso,True,incluído como texto avulso sem sobreposição alta,64080,64080,11380,03f8bce19df5bfe62978dc7ba4af400615c7bc93c4919454f58c6ba196dc0a3c,0,0,False,False
contos/macn065.txt,contos,"Conto, O Passado, o passado, 1876",False,conto_avulso,True,incluído como texto avulso sem sobreposição alta,19974,19974,3416,e2c5c531153127da4bac78348f8681acfe516252c63d7bb7d10db2ad501c7e4a,0,0,False,False
contos/macn066.txt,contos,"Conto, Sem olhos, 1876",False,conto_avulso,True,incluído como texto avulso sem sobreposição alta,36401,36401,6390,b9e52424160021d01a35ad99fdcab958a33979168fcdf68094fc93908582774c,0,0,False,False
contos/macn067.txt,contos,"Conto, To be or not to be, 1876",False,conto_avulso,True,incluído como texto avulso sem sobreposição alta,29607,29607,5213,997ba415b37022f48b1301d5083383b65c6335d043b88b5c0db8d84debca5ede,0,0,False,False
contos/macn068.txt,contos,"Conto, História de uma fita azul, 1876",False,conto_avulso,True,incluído como texto avulso sem sobreposição alta,30218,30218,5401,9fee3cb09ee84b8010768e243973677b83f43de44d273b32f8b734a5aa759755,0,0,False,True
contos/macn069.txt,contos,"Conto, Um Almoço, 1877",False,conto_avulso,True,incluído como texto avulso sem sobreposição alta,31181,31181,5483,670b8385b2df35c1272d9714daf6f63c83b9d3c967009ceb0994467275d046bb,0,0,False,False
contos/macn070.txt,contos,"Conto, Um Ambicioso, 1877",False,conto_avulso,True,incluído como texto avulso sem sobreposição alta,38469,38469,6648,ce61f4b4c907edd5004f2473f11fae2cd239401e21e936ab2f82d5c00cefd800,0,0,False,False
contos/macn071.txt,contos,"Conto, A melhor das noivas, 1877",False,conto_avulso,True,incluído como texto avulso sem sobreposição alta,33973,33973,5909,881a371b59860a2915b2ac1440aa9bc21f338c9344d8687a5fa8ca81166c7834,0,0,False,False
contos/macn072.txt,contos,"Conto, Silvestre, 1877",False,conto_avulso,True,incluído como texto avulso sem sobreposição alta,44550,44550,7711,9b5b7ac22299cae55c2c2dd655330c49ad3c90040e8c597e2efa2279ed5d2835,0,0,False,False
contos/macn073.txt,contos,"Conto, Antes da Missa, 1878",False,conto_avulso,True,incluído como texto avulso sem sobreposição alta,14984,14984,1586,71198ce7536b054b6834e5e509af959a96dcf597ed356b3276f585e7ed84b534,0,0,False,True
contos/macn074.txt,contos,"Conto, O Califa de Platina, 1878",False,conto_avulso,True,incluído como texto avulso sem sobreposição alta,12670,12670,2134,2c9a76106d98c7c00ca2175277b3a828b36e164a2a35b6d17567c3a47f11378b,0,0,False,False
contos/macn075.txt,contos,"Conto, Um Cão de Lata ao Rabo, 1878",False,conto_avulso,True,incluído como texto avulso sem sobreposição alta,13137,13137,2318,31049eeaa1641dc5ea18e696a7f8842b22a1dbf338e01c1e6bb00bf16c360e43,0,0,False,True
contos/macn076.txt,contos,"Conto, Conversão de um avaro, 1878",False,conto_avulso,True,incluído como texto avulso sem sobreposição alta,33404,33404,5843,fd129b4d22061b9c01b1ff809d3e9a5ac4728c316951d34b30d9f8d2644ddf72,0,0,False,False
contos/macn077.txt,contos,"Conto, Dívida extinta, 1878",False,conto_avulso,True,incluído como texto avulso sem sobreposição alta,44386,44386,7616,ebb16089b4ca123b471f46b80cf4d091bb8d74bd1d791066b8ebb484b2186612,0,0,False,False
contos/macn078.txt,contos,"Conto, Elogio da Vaidade, 1878",False,conto_avulso,True,incluído como texto avulso sem sobreposição alta,12295,12295,2219,add66e49b0bd37bd63362f761a5d1566ebd6af482042e283653b1b6ba0083c40,0,0,False,True
contos/macn079.txt,contos,"Conto, Filosofia de um Par de Botas, 1878",False,conto_avulso,True,incluído como texto avulso sem sobreposição alta,11987,11987,2017,becff0837873fe413015615f36f60eb52e5d14f92bed96649d88a6be46b68ceb,0,0,False,True
contos/macn080.txt,contos,"Conto, A Herança, 1878",False,conto_avulso,True,incluído como texto avulso sem sobreposição alta,16283,16283,2798,0dc31b588d96f15dc8c520f61180d4b81673f681a76715260b2b09ed33f0529c,0,0,False,False
contos/macn081.txt,contos,"Conto, O Machete, 1878",False,conto_avulso,True,incluído como texto avulso sem sobreposição alta,22486,22486,3840,b5aeb2eb62d9da770fd0dc935611f8509d536a57ec111aeef29eba9a1e7239b9,0,0,False,True
contos/macn082.txt,contos,"Conto, Folha Rota, 1878",False,conto_avulso,True,incluído como texto avulso sem sobreposição alta,15084,15084,2694,bad1a0f9c90b152559f3942287b922cb01a567e31575040f589eea11c3f6f8ae,0,0,False,True
contos/macn083.txt,contos,"Conto, A chave, 1879",False,conto_avulso,True,incluído como texto avulso sem sobreposição alta,37664,37664,6670,5f46fbadb4d38c1bd8fcc874732387b6bc381f5045406b9b15ec7a62943a7d17,0,0,False,True
contos/macn084.txt,contos,"Conto, O Caso da Viúva, 1881",False,conto_avulso,True,incluído como texto avulso sem sobreposição alta,36751,36751,6456,76d74148b40cccffc9a7b52090061ad3bc819a58baf40370eebb9ed2acd79495,0,0,False,False
contos/macn085.txt,contos,"Conto, A mulher pálida, 1881",False,conto_avulso,True,incluído como texto avulso sem sobreposição alta,26854,26854,4725,696c762ce72fc2963281f9f94f21418ae33e24cc43e90acf024771ea78b013a7,0,0,False,False
contos/macn086.txt,contos,"Conto, O imortal, 1882",False,conto_avulso,True,incluído como texto avulso sem sobreposição alta,43395,43395,7514,23d3695b0001de7bfbe882e6ccac9903d2d968ddc9c6562805610c055ae91d1c,0,0,False,True
contos/macn087.txt,contos,"Conto, Letra Vencida, 1882",False,conto_avulso,True,incluído como texto avulso sem sobreposição alta,21650,21650,3716,59dbe53a2feb0c296fec4ee0aa10cc829385fd74a9e7a099b45c6388563f6a7e,0,0,False,True
contos/macn088.txt,contos,"Conto, O programa, 1882",False,conto_avulso,True,incluído como texto avulso sem sobreposição alta,43202,43202,7358,d8207bba5ee83d67bb8a190d86a1cb69617e9047983357642bd7e6545eb9b3c6,0,0,False,True
contos/macn089.txt,contos,"Conto, A idéia do Ezequiel Maia, 1883",False,conto_avulso,True,incluído como texto avulso sem sobreposição alta,16374,16374,2740,c9c04ff0cf00af4e1fb47a545d2972a99a56a9ff811f0692ccf39244e75f4be7,0,0,False,True
contos/macn090.txt,contos,"Conto, Médico é remédio, 1883",False,conto_avulso,True,incluído como texto avulso sem sobreposição alta,11795,11795,2040,1915c7ed481cab1ea19d4a22be8ce01c4956d42090e4768c2f7238bd95b9b44a,0,0,False,False
contos/macn091.txt,contos,"Conto, História comum, 1883",False,conto_avulso,True,incluído como texto avulso sem sobreposição alta,6043,6043,1093,4af4d4b6e977e8c457eed7d6b8c7ffa12cf8e7dfad2e3c5d99361c44face39a4,0,0,False,True
contos/macn092.txt,contos,"Conto, O destinado, 1883",False,conto_avulso,True,incluído como texto avulso sem sobreposição alta,7654,7654,1309,2cb30242c23d7d3a6c7f7ee337c4fa6253a1066017a50a77c51b65588f1c3281,0,0,False,True
contos/macn093.txt,contos,"Conto, Troca de datas, 1883",False,conto_avulso,True,incluído como texto avulso sem sobreposição alta,23097,23097,4011,fb065f32c4c60ab464180ac7366a3a504fe3b664ac994aabe5943dd1f8e53671,0,0,False,True
contos/macn094.txt,contos,"Conto, Questões de maridos, 1883",False,conto_avulso,True,incluído como texto avulso sem sobreposição alta,9235,9235,1582,cfec66acf1dfe23a018b1a32a07f6d95d7742a5294e5e1fd73a2908a8d05cf2d,0,0,False,True
contos/macn095.txt,contos,"Conto, Três conseqüências, 1883",False,conto_avulso,True,incluído como texto avulso sem sobreposição alta,7949,7949,1372,009d86e850890844327ffefe824b524f21e2aa24b1fcdf5e1b6a651e6a15617f,0,0,False,True
contos/macn096.txt,contos,"Conto, Vidros quebrados, 1883",False,conto_avulso,True,incluído como texto avulso sem sobreposição alta,9457,9457,1657,579d4cef2d742a7e86573dda84b7cc9ca7266eee62c18279f2de3fe1b7730f7b,0,0,False,True
contos/macn097.txt,contos,"Conto, Cantiga velha, 1883",False,conto_avulso,True,incluído como texto avulso sem sobreposição alta,18340,18340,3184,fb666ebce3b49952f5859c825bdcab94772c02896ca531664e9167be02a65dbf,0,0,False,True
contos/macn098.txt,contos,"Conto, Metafísica das Rosas, 1883",False,conto_avulso,True,incluído como texto avulso sem sobreposição alta,6043,6043,1099,4cc1ac97d24473c4f63405c52dc6f84fb780c338978e25367234d1fb8f0fbe86,0,0,False,True
contos/macn099.txt,contos,"Conto, Trina e Una, 1884",False,conto_avulso,True,incluído como texto avulso sem sobreposição alta,20665,20665,3662,d501ea8666375a30a69e10ba4c876ede21aa69004a4f75dcf46db33347c6003e,0,0,False,False
contos/macn100.txt,contos,"Conto, O contrato, 1884",False,conto_avulso,True,incluído como texto avulso sem sobreposição alta,7212,7212,1249,6ea89db080785152a2427e8cfcbd925ca088325384315b406412b997ccea1691,0,0,False,True
contos/macn101.txt,contos,"Conto, A Carteira, 1884",False,conto_avulso,True,incluído como texto avulso sem sobreposição alta,7529,7529,1294,71eca9c72bfd082d492a8a70e8872ad7c1c22932356a6002716ba4cfb79c001e,0,0,False,True
contos/macn102.txt,contos,"Conto, O Melhor Remédio, 1884",False,conto_avulso,True,incluído como texto avulso sem sobreposição alta,6060,6060,1109,c65be88cd7c89bef251d260873a84e3e3eca645d3a2e8fca5a4f382061738cb5,0,0,False,True
contos/macn103.txt,contos,"Conto, A Viúva Sobral, 1884",False,conto_avulso,True,incluído como texto avulso sem sobreposição alta,16310,16310,2866,bea9ac3d835bfaa7212400bab3b1670d6a5c495e5fec2f22d74c0d257c7679f3,0,0,False,True
contos/macn104.txt,contos,"Conto, Entre duas datas, 1884",False,conto_avulso,True,incluído como texto avulso sem sobreposição alta,18824,18824,3277,9ed5b58913428ef0c3669c47aab3b9cf6d5333d9252d86f2f924c24ebf4a97dc,0,0,False,True
contos/macn105.txt,contos,"Conto, Vinte Anos! Vinte Anos!, 1884",False,conto_avulso,True,incluído como texto avulso sem sobreposição alta,8840,8840,1543,cb6dcbb8b9a3c37ea00f6a4a1ff3a1d061959347ddabbdff3fc5eac7d785bdda,0,0,False,True
contos/macn106.txt,contos,"Conto, O Caso do Romualdo, 1884",False,conto_avulso,True,incluído como texto avulso sem sobreposição alta,34632,34632,5989,f8de57fb9584b28e3687c2e94b205b4a9b1b5b7d986ffeb6cd867a835c536834,0,0,False,True
contos/macn107.txt,contos,"Conto, Uma Carta, 1884",False,conto_avulso,True,incluído como texto avulso sem sobreposição alta,10054,10054,1767,263c98faba029e31f92b6647a405207fcfc914caba276d7a1b91af8eccf86a0a,0,0,False,True
contos/macn108.txt,contos,"Conto, Só, 1885",False,conto_avulso,True,incluído como texto avulso sem sobreposição alta,16685,16685,2873,3d28c5ff129310d753bee6e2681adf4ea105b660934787db2e9cdf4228f17bb2,0,0,False,True
contos/macn109.txt,contos,"Conto, Habilidoso, 1885",False,conto_avulso,True,incluído como texto avulso sem sobreposição alta,12460,12460,2235,8233269848ef4e1e9effaab3c019085e0953b854ffaf808aa28d57420d43d32b,0,0,False,True
contos/macn110.txt,contos,"Conto, Viagem à roda de mim mesmo, 1885",False,conto_avulso,True,incluído como texto avulso sem sobreposição alta,19389,19389,3365,405b00418b81dc0863ef3697c4f715c69a2bb6dcf6055101eb47c27907794748,0,0,False,True
contos/macn111.txt,contos,"Conto, Curta História, 1886",False,conto_avulso,True,incluído como texto avulso sem sobreposição alta,5643,5643,1006,9e5594097f82f39b950a88c7328d021eb85bcd6ded2206d5f22234faf56b7234,0,0,False,True
contos/macn112.txt,contos,"Conto, Um Dístico, 1886",False,conto_avulso,True,incluído como texto avulso sem sobreposição alta,5253,5253,945,bc6203f5a242a89c30a030cecf0d57bc683d9e3df9c83bbe3ba84d35c1490ebc,0,0,False,True
contos/macn113.txt,contos,"Conto, Astúcias de marido, 1866",False,conto_avulso,True,incluído como texto avulso sem sobreposição alta,34675,34675,5914,1fe2380cf532344199ff1e36b8483f6bdc4de4dc88bd5a60656490b0012d0a25,0,0,False,False
contos/macn114.txt,contos,"Conto, Pobre Cardeal, 1886",False,conto_avulso,True,incluído como texto avulso sem sobreposição alta,15904,15904,2818,0d6d236ac712adf92dda5af74295ae0ec9d1b249f7c8d26cab44cba7d31c5715,0,0,False,False
contos/macn115.txt,contos,"Conto, Terpsícore, 1886",False,conto_avulso,True,incluído como texto avulso sem sobreposição alta,16979,16979,2991,43290058887c1a2ae2a4939f48977dd610a431af794c8fd63550239d6ea23e13,0,0,False,False
contos/macn116.txt,contos,"Conto, Antes a Rocha Tarpéia, 1887",False,conto_avulso,True,incluído como texto avulso sem sobreposição alta,7151,7151,1262,7014b3cf22d95f7011ee7717eb4703efa9f2ee3ea759d893a01e7604f376aeec,0,0,False,True
contos/macn117.txt,contos,"Conto, Identidade, 1887",False,conto_avulso,True,incluído como texto avulso sem sobreposição alta,21190,21190,3624,f045a99279426d21bc8d48bd2c253770e8dff2e11f28d9f420c80c643113e5bb,0,0,False,True
contos/macn118.txt,contos,"Conto, Sales, 1887",False,conto_avulso,True,incluído como texto avulso sem sobreposição alta,16177,16177,2696,0f2a6c3b42032d5ef932b6ccac324e574cfa15c306890b388a51ceb3869f01d4,0,0,False,True
contos/macn119.txt,contos,"Conto, Dona Jucunda, 1889",False,conto_avulso,True,incluído como texto avulso sem sobreposição alta,21134,21134,3679,ab3df6e72df0a1b4e8e65b1d44e2fcd2254fb32d3e270fc6b4fa2ecc9b973fd6,0,0,False,True
contos/macn120.txt,contos,"Conto, Como se inventaram os almanaques, 1890",False,conto_avulso,True,incluído como texto avulso sem sobreposição alta,8344,8344,1449,81b8321b7478523b20319ed9cafe0786271d1dde0189b0d55d138fe4d3ca1cad,0,0,False,False
contos/macn121.txt,contos,"Conto, Pobre Finoca!, 1891",False,conto_avulso,True,incluído como texto avulso sem sobreposição alta,22561,22561,3996,a64d24c8378eb4869266014bae5c5c2d85d7702b1b4b10d32fefe1c5ebd18e6b,0,0,False,False
contos/macn122.txt,contos,"Conto, O Caso Barreto, 1892.htm",False,conto_avulso,True,incluído como texto avulso sem sobreposição alta,21474,21474,3734,0aa23c3f857c765ce91f94b80f67cbb749318ad4dbb9c1ff933765d520d0260d,0,0,False,False
contos/macn123.txt,contos,"Conto, Uma Partida, 1892",False,conto_avulso,True,incluído como texto avulso sem sobreposição alta,29741,29741,5174,946ec90b330a6ae1addc42cbb2a7f037d399f1359d5f935442e4599d4ef50748,0,0,False,False
contos/macn124.txt,contos,"Conto, Um Sonho e Outro Sonho, 1892",False,conto_avulso,True,incluído como texto avulso sem sobreposição alta,25482,25482,4396,ba9cdbc0c206f03034a5d861c35c98712b75773a34a6cf8ce9932e1412f754de,0,0,False,False
contos/macn125.txt,contos,"Conto, Um Quarto de Século, 1893",False,conto_avulso,True,incluído como texto avulso sem sobreposição alta,30031,30031,5230,95c80ef427dec5e5903af81881f7d513b9285a5b455463331a54def49a68950c,0,0,False,False
contos/macn126.txt,contos,"Conto, Vênus! Divina Vênus!, 1893",False,conto_avulso,True,incluído como texto avulso sem sobreposição alta,19759,19759,3464,be9c279e95f92a451379f57fb4965579b28a131942704dd4717a9a751f8276b2,0,0,False,True
contos/macn127.txt,contos,"Conto, A inglesinha Barcelos, 1894",False,conto_avulso,True,incluído como texto avulso sem sobreposição alta,23784,23784,4130,730a43464f5887561cb68bc356c3ef7cbcff6ff3323a9cb5d68d90619b106b57,0,0,False,False
contos/macn128.txt,contos,"Conto, João Fernandes, 1894",False,conto_avulso,True,incluído como texto avulso sem sobreposição alta,8875,8875,1531,1a605054f7f002cba1791ec786d31bd9c9320f1a648d38f3341f98524fc48005,0,0,False,False
contos/macn129.txt,contos,"Conto, Uma Noite, 1895",False,conto_avulso,True,incluído como texto avulso sem sobreposição alta,26990,26990,4721,c58bcfda835319fde30d74d06ddc00df46f52c7eeae923c5196242729e5fa80b,0,0,False,True
contos/macn130.txt,contos,"Conto, Orai por ele!, 1895",False,conto_avulso,True,incluído como texto avulso sem sobreposição alta,5135,5135,875,c0bd77832c3bebd057e3ff241f02a190ffe4f2ec85bdb56675904e35febd3af0,0,0,False,False
contos/macn131.txt,contos,"Conto, Um Incêndio, 1906",False,conto_avulso,True,incluído como texto avulso sem sobreposição alta,8655,8655,1536,b14f2f0b526bed91c9f3e698c2b74f0cd92055106f55fb8298270d23d8597920,0,0,False,True
contos/macn132.txt,contos,"Conto, Uma por Outra, 1897",False,conto_avulso,True,incluído como texto avulso sem sobreposição alta,46491,46491,8312,c7738128940dcea9a53b357bee74006d100f89cd9f83ce7f60fc53ff5b29d6c0,0,0,False,True
contos/macn133.txt,contos,"Conto, Flor Anônima, 1897",False,conto_avulso,True,incluído como texto avulso sem sobreposição alta,9704,9704,1706,5bf7405d2d19cf090743d34bcd150309cd61d843e5f7b2ba43115995fcc63edb,0,0,False,True
contos/macn134.txt,contos,"Conto, Jogo do Bicho, 1904",False,conto_avulso,True,incluído como texto avulso sem sobreposição alta,17240,17240,3064,027ba4cbc6e7f2f6efafd51bf0396c4e2bd080044655d829d846309010bf1447,0,0,False,True
contos/macn135.txt,contos,"Conto, O Escrivão Coimbra, 1906",False,conto_avulso,True,incluído como texto avulso sem sobreposição alta,22072,22072,3861,ff26d9ace40c8bd52ecf76a50a46e48a42e07bee88e776a618e8208d40ff0add,0,0,False,False
contos/macn136.txt,contos,"Conto, Bagatela, 1859",False,conto_avulso,True,incluído como texto avulso sem sobreposição alta,30686,30686,5286,995dbffadc2af2affe013b07fb534ab92afe2a62ddb2c41e6d9926bd9118e574,0,0,False,True
contos/macn137.txt,contos,"Conto, Um para o outro, 1879",False,conto_avulso,True,incluído como texto avulso sem sobreposição alta,39534,39534,6878,2a591e32669983941d6e7cb6a1106fab7ac073ce380c5a31e8594d313c3d02d5,0,0,False,False
critica/mact01.txt,critica,"O Passado, o presente e o futuro da literatura (1858)",True,item_indexado,True,item autoral indexado pelo pacote NLTK/MEC,13410,13410,2171,40d9835330f49748988f2e12b67e611e555fa12592b82551dfe09a5a22625251,0,0,False,True
critica/mact02.txt,critica,Idéias sobre o teatro (1859),True,item_indexado,True,item autoral indexado pelo pacote NLTK/MEC,24249,24249,3919,9fddbc4f98b7b5da006fc4f707a7fa5009821bd0f18257ca46b4f56b09316901,0,0,False,True
critica/mact03.txt,critica,Revista dos teatros (1859),True,item_indexado,True,item autoral indexado pelo pacote NLTK/MEC,152343,152343,24628,f300ededc11d386870448a0ba8b21485f84dcabd5f81b0e8bf118c207570e5da,0,0,False,False
critica/mact04.txt,critica,Revista Dramática (1860),True,item_indexado,True,item autoral indexado pelo pacote NLTK/MEC,185755,185755,31022,e59873aabe232dd792e7c2a675964c15aa258b7bd58280292f61c9ab702a74f1,0,0,False,True
critica/mact05.txt,critica,A Crítica teatral. José de Alencar: Mãe (1860),True,item_indexado,True,item autoral indexado pelo pacote NLTK/MEC,11160,11160,1917,1148a0c6567e92f2feea1ce6207f3cde742a7e33f762c5ab887939f72aeae656,0,0,False,True
critica/mact06.txt,critica,Crítica variada - Diário do RJ (1862),True,item_indexado,True,item autoral indexado pelo pacote NLTK/MEC,9647,9647,1657,23f7a9e2faa0ef847a685202a14550d6522136d6b69f6a77ec5aaef1f52c929e,0,0,False,False
critica/mact07.txt,critica,"Flores e Frutos, de Bruno Seabra (1862)",True,item_indexado,True,item autoral indexado pelo pacote NLTK/MEC,4608,4608,797,3cedd7392a6c467eb0f11f15671d679f0b52af729a634c499567d22b89ad06ca,0,0,False,False
critica/mact08.txt,critica,Pareceres - Conservatório Dramático (1862-1864),True,item_indexado,True,item autoral indexado pelo pacote NLTK/MEC,32286,32286,5408,b9a749e8599ed1608a6d8a7d5f2c4d74cec4656a97d5684812b65c798eace9b4,0,0,False,False
critica/mact09.txt,critica,Homem de Mello e B. Pinheiro – A Constituinte perante a História e Sombras e Luz (1863),True,item_indexado,True,item autoral indexado pelo pacote NLTK/MEC,13058,13058,2249,08de760813fcd9e92d479bd682c8c28a6a223e327897e2931cfdf6a663373c95,0,0,False,False
critica/mact10.txt,critica,"Peregrinação pela província de S. Paulo , por A. E. Zaluar (1863)",True,item_indexado,True,item autoral indexado pelo pacote NLTK/MEC,5824,5824,1004,91e6cf113862d37c6b2f227aaea25e124561cc5ce4c497a7b37f65ab7b7ae37b,0,0,False,False
critica/mact11.txt,critica,"Revelações , de A. E. Zaluar (1863)",True,item_indexado,True,item autoral indexado pelo pacote NLTK/MEC,9326,9326,1578,5df30b3f3ac07c2befb3a53730e33c50e852c4285be7dc2ecb3cdc429ccb3f56,0,0,False,False
critica/mact12.txt,critica,Dois folhetins. Suplício de uma mulher (1865),True,item_indexado,True,item autoral indexado pelo pacote NLTK/MEC,31474,31474,5002,e4d7f72d4444001f3e31f3ddde0a76d9b5349a5181dc3e6bbdfd4ed3702eea2f,0,0,False,False
critica/mact13.txt,critica,O Ideal do crítico (1865),True,item_indexado,True,item autoral indexado pelo pacote NLTK/MEC,10397,10397,1733,29cd717843574e450d1289f6b6ed43c517c1225cc531367c479a28c7df17b67b,0,0,False,True
critica/mact14.txt,critica,Álvares de Azevedo: Lira dos vinte anos (1866),True,item_indexado,True,item autoral indexado pelo pacote NLTK/MEC,6657,6657,1062,2ced565a7c0119922b1e844a5f661cf3e80f716fbe245867b21718b8f785ebc1,0,0,False,False
critica/mact15.txt,critica,Crítica teatral (1866),True,item_indexado,True,item autoral indexado pelo pacote NLTK/MEC,91897,91897,15545,4e05bfb6a310d5c1be43c019217f53fc480fdf49a4e147c9def849e78c23f782,0,0,False,False
critica/mact16.txt,critica,Fagundes Varela – Cantos e fantasias (1866),True,item_indexado,True,item autoral indexado pelo pacote NLTK/MEC,11180,11180,1901,5b0e302383cc4747ca994bbe40a30fe00adec9b86ecad97c18f96349a93d8a9f,0,0,False,True
critica/mact17.txt,critica,J .M. de Macedo: O culto do dever (1866),True,item_indexado,True,item autoral indexado pelo pacote NLTK/MEC,14997,14997,2631,78c96e47d95a0a6f5126f017e491da06e0477e485fc19abdb879a4416c640303,0,0,False,False
critica/mact18.txt,critica,José de Alencar: Iracema (1866),True,item_indexado,True,item autoral indexado pelo pacote NLTK/MEC,15122,15122,2568,4a8fd8a0b7f188ce505565ed2805858dbd4761b6468e9e525a83ea9cb45f4573,0,0,False,True
critica/mact19.txt,critica,Junqueira Freire: Inspirações do claustro (1866),True,item_indexado,True,item autoral indexado pelo pacote NLTK/MEC,12828,12828,2121,9e715ee836c6d17edb4e1e4df418b7866508e076873e5f3f55c849b78c2423ed,0,0,False,True
critica/mact20.txt,critica,Porto Alegre: Colombo (1866),True,item_indexado,True,item autoral indexado pelo pacote NLTK/MEC,4503,4503,759,a64ca33db0229138958dbb5fd9063ae32101ad029c6bbbe39eddb1401f666e0e,0,0,False,True
critica/mact21.txt,critica,Propósito (1866),True,item_indexado,True,item autoral indexado pelo pacote NLTK/MEC,6698,6698,1134,2795ac431198a9242de27d2a1bf1f27a6badcdbf1f79977cd8043fbf62392c1a,0,0,False,True
critica/mact22.txt,critica,Castro Alves (1868),True,item_indexado,True,item autoral indexado pelo pacote NLTK/MEC,16170,16170,2804,f3eb1cab0252e5014eb8e6e088f0ae053b61283673880ec147b92525b53d3ed6,0,0,False,True
critica/mact23.txt,critica,Lúcio de Mendonça: Névoas matutinas (1872),True,item_indexado,True,item autoral indexado pelo pacote NLTK/MEC,4439,4439,769,ccd9f084ef665b5dadebdafbcd7f1d63aae240817aa4edba1c0370391ba8ceab,0,0,False,True
critica/mact24.txt,critica,"Un cuento endemoniado e La mujer misteriosa , de Guilherme Malta (1872)",True,item_indexado,True,item autoral indexado pelo pacote NLTK/MEC,17838,17838,2981,963bf9f3a1771a7314862f326c23f18bf41faf16d6a8c7a38cc568b1864405f3,0,0,False,False
critica/mact25.txt,critica,Notícia da atual literatura brasileira: Instinto de nacionalidade (1873),True,item_indexado,True,item autoral indexado pelo pacote NLTK/MEC,25321,25321,4232,2fab77a6c3851a940035150a6904a7b43f5be78d079b2633010044b723e6e0f2,0,0,False,True
critica/mact26.txt,critica,Fagundes Varela (1875),True,item_indexado,True,item autoral indexado pelo pacote NLTK/MEC,4953,4953,843,9511bb20be89fdb8fb91b472f3cf374483bcfb2f073f3b8eba25b0f8a4e7268f,0,0,False,True
critica/mact27.txt,critica,Eça de Queirós: O primo Basílio (1878),True,item_indexado,True,item autoral indexado pelo pacote NLTK/MEC,32214,32214,5600,dbe87acd7e43476333b6fd0fe8c5b99ad779e20eb77025003d4e1adbd2b2c8a8,0,0,False,True
critica/mact28.txt,critica,Francisco de Castro: Harmonias errantes (1878),True,item_indexado,True,item autoral indexado pelo pacote NLTK/MEC,5307,5307,934,9891c24d33d926c8d335b0079d0776aa64bdeca0cb10be7cb1d72a23ce989eda,0,0,False,True
critica/mact29.txt,critica,A Nova geração (1879),True,item_indexado,True,item autoral indexado pelo pacote NLTK/MEC,81563,81563,14120,fe1014e45f16e9c572880c00af56128ca86ec905a3cb22edfb56335d4d830fc8,0,0,False,True
critica/mact30.txt,critica,Carlos Jansen: Contos seletos das mil e uma noites (1882),True,item_indexado,True,item autoral indexado pelo pacote NLTK/MEC,4906,4906,816,7c301c535f83c71b0940a5840ed97bd900ac0aa2662a7bf01060b877a85e98ce,0,0,False,True
critica/mact31.txt,critica,Raimundo Correia: Sinfonias (1882),True,item_indexado,True,item autoral indexado pelo pacote NLTK/MEC,5882,5882,1016,c64b013d6bbde5815cb7ac88502f820fd379fbdbbe32fedee7a5fabe0514e346,0,0,False,True
critica/mact32.txt,critica,Alberto de Oliveira: Meridionais (1884),True,item_indexado,True,item autoral indexado pelo pacote NLTK/MEC,5689,5689,987,a884d20b17d8dfaf10222d8ed213f36011febfc09085b523fe55b4a920bb4d29,0,0,False,True
critica/mact33.txt,critica,Enéias Galvão: Miragens (1885),True,item_indexado,True,item autoral indexado pelo pacote NLTK/MEC,2573,2573,450,232f18813c9c4b57a1d3820e6e8f3046cb41f395945c0e977d0cc1ae8b270976,0,0,False,True
critica/mact34.txt,critica,L. L. Fernandes Pinheiro Júnior: Tipos e quadros (1886),True,item_indexado,True,item autoral indexado pelo pacote NLTK/MEC,1890,1890,340,df59eb5d76f186725e775e0bea1a1695b04d2a926d3dce93779e81dddf52b568,0,0,False,True
critica/mact35.txt,critica,José de Alencar: O Guarani (1887),True,item_indexado,True,item autoral indexado pelo pacote NLTK/MEC,10729,10729,1803,d7bac80969b1d791f27adfec22789baad700f8a980a078acd9ecf5c941923038,0,0,False,True
critica/mact36.txt,critica,Henriqueta Renan (1896),True,item_indexado,True,item autoral indexado pelo pacote NLTK/MEC,32066,32066,5521,d9ebc694b56883c046c237e62cc0841098c08687c89ab5ff53f120c5dd5d1137,0,0,False,False
critica/mact37.txt,critica,Discursos na Academia Brasileira de Letras (1897),True,item_indexado,True,item autoral indexado pelo pacote NLTK/MEC,6053,6053,1008,b8be341257ea6ff7081e36b92ea5580320d594b05b8f4474957ad8bbade45867,0,0,False,True
critica/mact38.txt,critica,Magalhães de Azeredo: Procelárias (1898),True,item_indexado,True,item autoral indexado pelo pacote NLTK/MEC,8536,8536,1513,18cca49e1b3e933977283192648365efa1a3b1789e594c503c6a3ff586294ce3,0,0,False,True
critica/mact39.txt,critica,"Cenas da vida amazônica , de José Veríssimo (1899)",True,item_indexado,True,item autoral indexado pelo pacote NLTK/MEC,9551,9551,1694,63f4cf1230a09782134738fe5dbac4d61b0e418da3b77f1a3851db3c7e3c1314,0,0,False,False
critica/mact40.txt,critica,Garrett (1899),True,item_indexado,True,item autoral indexado pelo pacote NLTK/MEC,5034,5034,885,11705b676f454a16a75d7525647484bbe37cde073df73fba740f3b79ca91ad2a,0,0,False,True
critica/mact41.txt,critica,Eça de Queirós (1900),True,item_indexado,True,item autoral indexado pelo pacote NLTK/MEC,2185,2185,400,12e7babeb4162c7c2a1593433ce9a1deefb76f4e612841e644e004f9ae3e2ddb,0,0,False,True
critica/mact42.txt,critica,Eduardo Prado (1901),True,item_indexado,True,item autoral indexado pelo pacote NLTK/MEC,4115,4115,709,dd925931d80c211694e582792cfbf83ccb01d8e496a90a3e3fd6e224777104ea,0,0,False,False
critica/mact43.txt,critica,Magalhães de Azeredo e Mário de Alencar: Horas sagradas e Versos (1902),True,item_indexado,True,item autoral indexado pelo pacote NLTK/MEC,8802,8802,1499,1e024e5c132658b6f0cde2ddfb601c7748c7da961f2aabcd75f04f20298f87d7,0,0,False,True
critica/mact44.txt,critica,Oliveira Lima: Secretário d'el-rei (1904),True,item_indexado,True,item autoral indexado pelo pacote NLTK/MEC,4017,4017,704,ee4a5909ddb15369ce0bb8a8d1848655ea08b0bfab15134260aa4afd16aee910,0,0,False,True
critica/mact45.txt,critica,Joaquim Nabuco: Pensées détachées et souvenirs (1906),True,item_indexado,True,item autoral indexado pelo pacote NLTK/MEC,6795,6795,1171,2c710c02d6bfbcbe18876b34d7820eb1708c8a17881bf1f5aa704120a55200b1,0,0,False,True
cronica/macr01.txt,cronica,Comentários da semana (1861-1863),True,item_indexado,True,item autoral indexado pelo pacote NLTK/MEC,132922,132922,21974,5f7e5bc34749b948d07d858e634b117ab0fc2651f4530abd840cef81cda804a7,0,0,False,True
cronica/macr02.txt,cronica,Crônicas do Dr. Semana (1861-1864),True,item_indexado,True,item autoral indexado pelo pacote NLTK/MEC,124684,124684,20339,881973d0be5c0b2d5b26ae743a809a78747a781ec92d5a41418a9500a7aa7a08,0,0,False,True
cronica/macr03.txt,cronica,Crônicas - O futuro (1862-1863),True,item_indexado,True,item autoral indexado pelo pacote NLTK/MEC,117498,117498,19558,5af604030b78334aceaf7dc7c3e89ebfbd79378761577e74215da478d54e879b,0,0,False,True
cronica/macr04.txt,cronica,Ao acaso (1864-1865),True,item_indexado,True,item autoral indexado pelo pacote NLTK/MEC,457145,457145,78241,ff88bcca4628833fed1e6242635d39c79c3321d846e1d885fff4ba1844efed0c,0,0,False,True
cronica/macr05.txt,cronica,Cartas fluminenses (1867),True,item_indexado,True,item autoral indexado pelo pacote NLTK/MEC,21329,21329,3623,07eecab079ccf0fb2e9acfd5e9690c97c62e39fe4aa82a6353e6c1036ad37686,0,0,False,False
cronica/macr06.txt,cronica,Badaladas (1871-1873),True,item_indexado,True,item autoral indexado pelo pacote NLTK/MEC,63723,63723,10925,bc8206e11e1699bb6a7e6e93a675ec22b791d01fc3f698821f58312d0363436e,0,0,False,True
cronica/macr07.txt,cronica,História de quinze dias (1876-1877),True,item_indexado,True,item autoral indexado pelo pacote NLTK/MEC,119004,119004,20364,8fba8b939fb817dc3b81ca280c121fa417aca315307a4158a2a5333a46cf6f34,0,0,False,True
cronica/macr08.txt,cronica,História dos trinta dias (1878),True,item_indexado,True,item autoral indexado pelo pacote NLTK/MEC,13439,13439,2256,a8bb10088c559cd5b0bad3b4ab42a71d24d6f0790ce84754538a16b961ef058c,0,0,False,True
cronica/macr09.txt,cronica,Notas semanais (1878),True,item_indexado,True,item autoral indexado pelo pacote NLTK/MEC,97420,97420,16699,13482c54773a3d2939ea24b1509e099404f4289fa8151bf58e62b4dfcd496d7a,0,0,False,False
cronica/macr10.txt,cronica,Balas de estalo (1883-1886),True,item_indexado,True,item autoral indexado pelo pacote NLTK/MEC,189759,189759,33125,9d0876cefd6dcea32ce8b909433a96a9b686867716383344df2b851df00672f9,0,0,False,True
cronica/macr11.txt,cronica,Bons dias! (1888-1889),True,item_indexado,True,item autoral indexado pelo pacote NLTK/MEC,123113,123113,21578,5327c6514628d58fd28f2a1dc64ec207e425742f2f30de05a1c8b25a513f81c4,0,0,False,True
cronica/macr12.txt,cronica,A semana (1892-1800),True,item_indexado,True,item autoral indexado pelo pacote NLTK/MEC,1540128,1540128,268667,c2ac8a2a7e549ae5784703828a2412aa046f9e1576b4f984242252406a0aeaa2,0,0,False,True
cronica/macr13.txt,cronica,O jornal e o livro (1859),True,item_indexado,True,item autoral indexado pelo pacote NLTK/MEC,17628,17628,2733,c2412608cb862933aa3d729ae22f80ace9fc82bc65020bcf838726db5f95f963,0,0,False,True
cronica/macr14.txt,cronica,A reforma pelo jornal (1859),True,item_indexado,True,item autoral indexado pelo pacote NLTK/MEC,5537,5537,866,09195a0c191104c08b7c137dac2225080b2e8e041ff6dbe2b49b677bd5b29ef3,0,0,False,True
cronica/macr15.txt,cronica,Aquarelas (1859),True,item_indexado,True,item autoral indexado pelo pacote NLTK/MEC,34524,34524,5507,b91d330433dcc82c2fab5f77498d81a0e4ac67fc535392243e5d4e5728a1ca40,0,0,False,True
cronica/macr16.txt,cronica,O Visconde de Castilho (1875),True,item_indexado,True,item autoral indexado pelo pacote NLTK/MEC,1888,1888,319,8c510bab9a7bd5257b2ab580ecf46cd807e46062a2ff7e3945c0a37763f89575,0,0,False,True
cronica/macr17.txt,cronica,Cherchez la femme (1881),True,item_indexado,True,item autoral indexado pelo pacote NLTK/MEC,3975,3975,662,8c327cb18d7a3aabc719e480b054cfc3b33723b876fdf62fb1e4726ac7ef6f54,0,0,False,True
cronica/macr18.txt,cronica,José de Alencar (1883),True,item_indexado,True,item autoral indexado pelo pacote NLTK/MEC,620,620,104,7860df4a26ea16488b4b443e3dc7b9b488c52fb04c3bc601f5397fc6c9f41729,0,0,False,True
cronica/macr19.txt,cronica,Joaquim Serra (1888),True,item_indexado,True,item autoral indexado pelo pacote NLTK/MEC,4814,4814,791,ad2f4b8c9471da0eb759e3727be2eb4af9cb3a003a3855702772f9aeacf8c671,0,0,False,True
cronica/macr20.txt,cronica,O futuro dos argentinos (1888),True,item_indexado,True,item autoral indexado pelo pacote NLTK/MEC,3400,3400,536,b866d1725337458359070a826821bb15e1816b704e1e0f7e7aafa9d9ec3a3dda,0,0,False,True
cronica/macr21.txt,cronica,Entre 1892 e 1894 (1892-1894),True,item_indexado,True,item autoral indexado pelo pacote NLTK/MEC,36488,36488,5979,de929c1096d6495c7dafc4f321731b2d9d268c13c6ae3cd8558b7d7b93300561,0,0,False,True
cronica/macr22.txt,cronica,Henrique Chaves (1893),True,item_indexado,True,item autoral indexado pelo pacote NLTK/MEC,4254,4254,715,b0b7e0650c41ff422301b84b2e0da5c52a4411a914965b494a0067b6b1fa8050,0,0,False,True
cronica/macr23.txt,cronica,Henrique Lombaerts (1897),True,item_indexado,True,item autoral indexado pelo pacote NLTK/MEC,1251,1251,198,68f660087dd7fb41b0637b725ecd7f043c4b1fdf6b489773ad8a448ddae39d9f,0,0,False,True
cronica/macr24.txt,cronica,O velho Senado (1898),True,item_indexado,True,item autoral indexado pelo pacote NLTK/MEC,25606,25606,4218,3a815b3d235eb2422e94600b0ba528353e88b86538e04b4b98c6a5f31cc3f5f6,0,0,False,True
miscelanea/mams01.txt,miscelanea,Os imortais (1859),True,item_indexado,True,item autoral indexado pelo pacote NLTK/MEC,7536,7536,1210,7448f64244137264a1df63e27f4523218881a09231fec3dae6606e07973ae3e9,0,0,False,True
miscelanea/mams02.txt,miscelanea,Queda que as mulheres têm para os tolos (1861),True,item_indexado,False,tradução: Queda que as mulheres têm para os tolos,22668,22668,3605,39bd20552a659b00a2297f0a7538651a4ae2b22f3d9e4321aae982d5256ae7aa,0,0,False,True
miscelanea/mams03.txt,miscelanea,Carta ao Sr. Bispo do RJ (1862),True,item_indexado,True,item autoral indexado pelo pacote NLTK/MEC,8947,8947,1460,8a5ca0c15ae9d743673d733c06155effac2f0ae8125dd487e024072688070e75,0,0,False,True
miscelanea/mams04.txt,miscelanea,Carta à redação da Imprensa Acadêmica (1864),True,item_indexado,True,item autoral indexado pelo pacote NLTK/MEC,3483,3483,560,f6820d9889972bee6b5a06159f0d0dd1eb52750650b6940376c3e84643a29462,0,0,False,True
miscelanea/mams05.txt,miscelanea,Pedro Luís (1884),True,item_indexado,True,item autoral indexado pelo pacote NLTK/MEC,6549,6549,1052,452df22f7deeb3719d05a37c8ce5dec7abf233c16faa7794c8f36344a1cbbbff,0,0,False,True
miscelanea/mams06.txt,miscelanea,A morte de Francisco Otaviano (1889),True,item_indexado,True,item autoral indexado pelo pacote NLTK/MEC,1257,1257,203,a0f4729a8f2f06a6b6ad372d9a570855ee82172a395529089a66e9e422c0872b,0,0,False,True
miscelanea/mams07.txt,miscelanea,Secretaria de Agricultura (1890),True,item_indexado,True,item autoral indexado pelo pacote NLTK/MEC,3801,3801,633,cb5449ce69d74a5b470fad06226611a695863c80fcb73f681df62b60c9518d58,0,0,False,True
miscelanea/mams08.txt,miscelanea,A Paixão de Jesus (1904),True,item_indexado,True,item autoral indexado pelo pacote NLTK/MEC,8829,8829,1525,21baf0e68cdc6a74b7afa1df3c9a0ff2f698999e6f146a0701c248e383d35ab9,0,0,False,True
miscelanea/mams09.txt,miscelanea,Gonçalves Dias (1906),True,item_indexado,True,item autoral indexado pelo pacote NLTK/MEC,4159,4159,718,df737e8774d255bae610ccec3dabdba63be642795c3730557a483498c3d0c74c,0,0,False,False
miscelanea/mams10.txt,miscelanea,A Estátua de José de Alencar (1906),True,item_indexado,True,item autoral indexado pelo pacote NLTK/MEC,5827,5827,999,57c654d169ccbc6b8589470c6726ff9e6c16d876a56f9b0ce27abb52af8f3a4b,0,0,False,False
poesia/maps01.txt,poesia,Crisálidas (1864),True,item_indexado,True,item autoral indexado pelo pacote NLTK/MEC,72971,72971,12828,165d421ec78ea90841917ed74824288bbece6305a1b2999e5226daeb149381dc,0,0,False,False
poesia/maps02.txt,poesia,Falenas (1870),True,item_indexado,True,item autoral indexado pelo pacote NLTK/MEC,112294,112294,17546,7662fbb19e47650d50ff4b8bc67fffeeaab07a7160ebe525fe0709863d9cec46,0,0,False,False
poesia/maps03.txt,poesia,Americanas (1875),True,item_indexado,True,item autoral indexado pelo pacote NLTK/MEC,102423,102423,17765,777bb4a790c1aebe2c62104dcc220b430ca7833c4816d567a325bcca59bad1a6,0,0,False,True
poesia/maps04.txt,poesia,Gazeta de Holanda (1886-88),True,item_indexado,True,item autoral indexado pelo pacote NLTK/MEC,119157,119157,20334,92f33fe16ed7326fd24409bb3b8c63c391cfdb4863413523260b39bbb4914afb,0,0,False,False
poesia/maps05.txt,poesia,Ocidentais (1901),True,item_indexado,True,item autoral indexado pelo pacote NLTK/MEC,42604,42604,7429,65994f62d9b3940b926bb4d605e2ae86571512473318497b3a7211b7917d300d,0,0,False,False
poesia/maps06.txt,poesia,O Almada (1908),True,item_indexado,True,item autoral indexado pelo pacote NLTK/MEC,103931,103931,17668,c4ad7c08ef939039b1c9e681b212afb6080f6b3ecabe79966b9bd8cfc9faaf3e,0,0,False,False
poesia/maps07.txt,poesia,Dispersas (1854-1939),True,item_indexado,True,item autoral indexado pelo pacote NLTK/MEC,136862,136862,23496,23cf08470fa9f57d2f6060e16c8b664f0aec66e7b59dff1adaaa55597d7f2cfd,0,0,False,True
romance/marm01.txt,romance,Ressurreição (1872),True,item_indexado,True,item autoral indexado pelo pacote NLTK/MEC,220519,220519,36933,707fe51226901709656a0694f350a7bd68f4b91e8f7b2e39aa2ea6a835b2dab8,0,0,False,True
romance/marm02.txt,romance,A Mão e a Luva (1874),True,item_indexado,True,item autoral indexado pelo pacote NLTK/MEC,201581,201581,35330,4caffb4414465dacd860a7347ee8df36908915299256ea9f559662dd11d9b1f0,0,0,False,True
romance/marm03.txt,romance,Helena (1876),True,item_indexado,True,item autoral indexado pelo pacote NLTK/MEC,338374,338374,56275,505ae60e1925be607f1ab3f57adeb32b50fabe0ce4af707cf3f6e62f50aab55f,0,0,False,False
romance/marm04.txt,romance,Iaiá Garcia (1878),True,item_indexado,True,item autoral indexado pelo pacote NLTK/MEC,336880,336880,56663,66edf58ca14f3e348ed43b2f13f9b29a4d5334f6967368e5d544ad7c09e0a25a,0,0,False,True
romance/marm05.txt,romance,Memórias Póstumas de Brás Cubas (1881),True,item_indexado,True,item autoral indexado pelo pacote NLTK/MEC,355706,355706,61248,f9b9cdd255164efd95154f0ab4aaf2af8d15ae4d2628c23c63ea29c6f934311a,0,0,False,True
romance/marm06.txt,romance,Casa Velha (1885),True,item_indexado,True,item autoral indexado pelo pacote NLTK/MEC,130936,130936,22253,65d609ac63da9f6fb947ad1fc3e7b15a87ec1285d9118ae5f2a421e8743d83a0,0,0,False,True
romance/marm07.txt,romance,Quincas Borba (1891),True,item_indexado,True,item autoral indexado pelo pacote NLTK/MEC,446502,446502,77383,954a7335be60f093158d1001ad23d285d2ee2f0924f4f157119357f9ab325782,0,0,False,True
romance/marm08.txt,romance,Dom Casmurro (1899),True,item_indexado,True,item autoral indexado pelo pacote NLTK/MEC,373504,373504,66204,1e3fd53b6f15c444d503993f38ad21675c2769e0e30fcbc985660168cbd5a27f,0,0,False,True
romance/marm09.txt,romance,Esaú e Jacó (1904),True,item_indexado,True,item autoral indexado pelo pacote NLTK/MEC,412059,412059,72278,c5a3ba3af340dd810ee79cd118ba8fa8a1c382b0f37aad7cd55f41f46b2a3d0f,0,0,False,True
romance/marm10.txt,romance,Memorial de Aires (1908),True,item_indexado,True,item autoral indexado pelo pacote NLTK/MEC,282378,282378,50890,21ba9023b6cca334956370a352182b0475bf87e162aa5f05b3e4b1ac5c74f350,0,0,False,True
teatro/matt01.txt,teatro,As forcas caudinas (1956),True,item_indexado,True,item autoral indexado pelo pacote NLTK/MEC,51665,51665,8836,a1a8c89a20024096135f2e3ae3b572b3e62fd321bab686cb6bbe593158313630,0,0,False,True
teatro/matt02.txt,teatro,"Hoje avental, amanhã luva (1860)",True,item_indexado,True,item autoral indexado pelo pacote NLTK/MEC,25730,25730,4152,4d627ce2960c09e346ee4c2244dc75d042b8aa5b8e9ef367ed5abb328064f8ef,0,0,False,True
teatro/matt03.txt,teatro,Desencantos (1861),True,item_indexado,True,item autoral indexado pelo pacote NLTK/MEC,48618,48618,8203,b1072988cac0e7fa076d4158adc9792d24382081ffde01c12b3c94bd485bb05e,0,0,False,True
teatro/matt04.txt,teatro,O caminho da porta / O protocolo (1863),True,item_indexado,True,item autoral indexado pelo pacote NLTK/MEC,77979,77979,11959,b8dd0b68d9162d16677d676216eb89a56085a1a25c75e5170528251c55b7a189,0,0,False,False
teatro/matt05.txt,teatro,Quase ministro (1864),True,item_indexado,True,item autoral indexado pelo pacote NLTK/MEC,30882,30882,5075,0ca6b1802d87b58d6761ba8b4fdd3b4cc0ee645e71925ef4e19a54521fcba3e8,0,0,False,True
teatro/matt06.txt,teatro,Os deuses de casaca (1866),True,item_indexado,True,item autoral indexado pelo pacote NLTK/MEC,36129,36129,6035,585c6ee20830f80c13ed1e5669167504d34ecf06b63f98a7fed95fe3ccbda34e,0,0,False,True
teatro/matt07.txt,teatro,O bote de rapé (1878),True,item_indexado,True,item autoral indexado pelo pacote NLTK/MEC,8109,8109,1465,3fc839171550a0a4feec881bcc0dd90f96186e3b12a258a9e189422d45724569,0,0,False,True
teatro/matt08.txt,teatro,"Tu, só tu, puro amor (1880)",True,item_indexado,True,item autoral indexado pelo pacote NLTK/MEC,41036,41036,7065,a47cf1ad4f7703dc0b0f83b0183bc244b52246429501e4d51eb810e5d3f98f78,0,0,False,True
teatro/matt09.txt,teatro,Não consultes médico (1899),True,item_indexado,True,item autoral indexado pelo pacote NLTK/MEC,32836,32836,5572,f4a48b751401fb75f6455e55615c8de80d7f83fca24df7c2fd04250255a2a974,0,0,False,True
teatro/matt10.txt,teatro,Lição de botânica (1906),True,item_indexado,True,item autoral indexado pelo pacote NLTK/MEC,35487,35487,6105,e8356debfbb3d31db4b8405ca347bfef219defa867050579f3de557c28e3de59,0,0,False,True
traducao/matr01.txt,traducao,Suplício de uma mulher (1865),True,item_indexado,False,tradução integral de obra alheia,54909,54909,9549,bbb8c460a4d719b1908f81fa425b4d4ce21cdd5a106d6a6064b644e62fa5eea6,0,0,False,True
traducao/matr02.txt,traducao,Os trabalhadores do mar (1866),True,item_indexado,False,tradução integral de obra alheia,708762,708762,115114,3c2735457effd716454cd5f2b3376ea3c69b7670ae31e0203f0c8532fe910edf,0,0,False,False
traducao/matr03.txt,traducao,Oliver Twist (1870),True,item_indexado,False,tradução integral de obra alheia,352469,352469,60681,9eb82ec058bcec9a11ffa7e01b52ecddb60435823bafaa0230e54743f0ada15a,0,0,False,False
