document_id,category,split,characters,words_approx,content_sha256,duplicate_group
contos/macn001.txt,contos,train,325776,56616,7814c5d68c1b70adc42f98811024ee23e80b218cdd6b9efcd2f4842be88a842d,2316f021466282324c878149b4cdb5528400eb33ffdf36337cc02ae51efe4ad1
contos/macn002.txt,contos,train,263695,41846,80c5fb3073606d422d4d901444ee8c913aba8cab56382af4a652c79e1e62d9b1,d9b1ddac2487da5ec4a4a4215f9f545fe51008d8897d396ef5a0cdeba8002345
contos/macn003.txt,contos,train,319472,54781,0a637c3aa103fe4a9bae1f4766901b04c42663bd9112f6e62132d2c0bc02c9c9,aa8ccaeecdf018bec821f28404c3a3fe89db619a2b4b5158f1b013267dbfb378
contos/macn004.txt,contos,train,294592,50557,b297efdd7c8cacac5dbbf10496867e4c49291d87f76a9d06ef0335ff34ef82b1,07fe72b64c2b3dae230a538636ade9fddf2cf82fa5ddfc9f8f2b237365806d26
contos/macn005.txt,contos,train,253554,44124,1219abf902e3f44977fa5691f5486390fae52d9a3bca8996ad39cf8e05c89a77,e5d2720fbd8ae8873de317bb2d5fb1e4c4731ca01c12968a70d063fc48ed4362
contos/macn006.txt,contos,test,130663,22634,b49accb056a7dab646a834c6cc8c82604179e896d80855ea322c75035cf238be,e5ae3640cb757f5b00066b7c093cf99a15f47783eacbc36c8fd66ecb7c6778c7
contos/macn007.txt,contos,validation,169879,29761,968b6128cce2b189b32a45913b242e630a84e404b041ef4b0302c89d8dbeb320,92d3f300c601c9c1177e4a0a280894ca026256d835c255ecbb735157324c02de
contos/macn008.txt,contos,train,3935,714,fc90e801bd560381ff8560e320512fc1ed976bd421c6048466bbda9dc24dcb00,01d25383ed7fe6df23223ea5a494c327a9de15251c0876967a8248c1e26221cf
contos/macn009.txt,contos,train,30031,5210,17ff0e0448ca3190b5a1861d21148190af284e7e46e52f2d15dab7b354f3fc8b,7d489fc38c73d14b5d19640d96c3c1d19a1201e3ee3769879251ded97680947c
contos/macn010.txt,contos,train,28897,4956,c043c5a39c5a67c83df77dfaec0df11193f0fb08c279c9ce630b227ad8306fb5,b2cd7d5afe1d481a0d68b63bc626d734d163f4ad79f110250647aa417a91a7b4
contos/macn011.txt,contos,train,28609,4852,1d591d96552bf5eac2f0a2dd633c1ab6743841a555f848f29b77a1353187df1a,a02039cc9ed27192eda2cf59b3b763e61a850f2b974854d25b48ac928a696489
contos/macn012.txt,contos,train,35372,6183,2e5829c74a21357b7fb87ef106737ee58a55a2e39012bde18427a2a146b959b2,4fc5c77ea31aa97478f5802a27f95beda5eaf2eb9beda4bbe1cd946006f57e00
contos/macn013.txt,contos,train,87827,15221,4452d9f5959209e9040fd9e1daa345563494d226e182b60b7c6a5d8ba8ec69f9,eba87c2e0b1c67ddd323aecced4792ae7698986f5c0c84d53d259c3701f42450
contos/macn014.txt,contos,validation,32543,5736,175687d359c782431f572e08830d789e2ada7a2b5eb425aa05ae2df07fef1e1a,74f01ab986028b0eca005b75ef7b116121399efb44c273e35d398ac7d43158ab
contos/macn015.txt,contos,test,33893,5899,2125286384d6a07eb2383f7b2bf211acaa0a229a69a706ec93dbf5f14b75386b,6c79df13db8afa84b728277f3b747186683fb75fafb9e6ea1f32f1c108a8f20f
contos/macn016.txt,contos,train,21655,3797,ea1ac954b0af9862ba231ea6cc435847d2c91ada811c84ffbf6d38cf0f17be2b,bc02df7bf18bdd74e73199009d5451b6fddd4abb275462d313347f6e1a82b0a4
contos/macn017.txt,contos,test,46386,8213,5cdbbc9e738c33ef1000d8700bc1b9854ba9eab4b30b911eeeaa187d05174dfe,c02dfc021a8322be9605e2148ecf48091cc2683df7d89e3a8bc40dc33f2f6131
contos/macn018.txt,contos,train,34182,5733,61dcffeedf3e82b378bd6daa9708501a6e3ba792cbf998fbd61f9a399c12706d,0fd2a0d35a9d8c118ca4294cd88bdaf4460047bb57e9860ca30a52c9bef96f65
contos/macn019.txt,contos,train,12200,2123,b2e8051d7d6e687659d3fc867bc4fc2740848b800be1d823e2bcd655392aafaf,5d97352fc80ec498d646e7f363f2f0be7f1e70f52bfcaaac36f4c63a76e6c296
contos/macn020.txt,contos,validation,56030,9773,a659a73eb38f5ee3298e6533d07f94fc55635a3084f288ad5ba2d153f1117f69,6b36639e4733c7eae9421f4e596e4b1cdea6620f7136f1edff1646f321f67bf0
contos/macn021.txt,contos,train,50404,8643,7e0efa5dcb4ef570490d865b04ee1c4f0483181d9f9bdcc81ee01c4d2f683cc9,ce3c6b322e49a7fccb29ca1b0c6c2f8cad4012370d805cb488d9093aa0ce829c
contos/macn022.txt,contos,train,32477,5747,d5bb175a2580d9f1ff07d287453c9d6d6b3061f4bb6d4d2b6ede04def1ad3166,a66551063eac88ccae64764237e4684bd2dca50e0825079415a391002263a02c
contos/macn023.txt,contos,train,29097,4983,44e6805b2d240185257bfda7af4d8b8736c13a1be484f1e113fb56fd6880167f,35296e38135c375d9717cf587fffd315209fbc0bff0d18e58143abca18b99f72
contos/macn024.txt,contos,train,24061,4213,9952870e8c561679812346a7fcd01f207a0ba2715fb1ed4888eb6214a642cf11,aed6bff0b77fa11d285ce8836e96d74f6fb2754d1f5a5b2454d2e1fceb1658ff
contos/macn025.txt,contos,train,32816,5681,b6be2ca482b27b71159dda67bb36f4589f77ba9c499e8137726824a7550ac233,d9eea599564362bb12d4ec09c38225c93de285b959c57d8e09ff610e9120f1b5
contos/macn026.txt,contos,validation,39126,6752,7dbed1463fcb95edb88c9c2b6c9de6b5af51dbc2bd0cc6d8d2fcf01561e5fec8,3224652d73da6bee9e98fb62fe0f6a88fc41df6e6d597043087bce3319bf7307
contos/macn027.txt,contos,train,48342,8635,687f3add115e1b8abc1b28d8681a8d28ed51eb3cd2099b1ec5fbdd51a765f0b0,61895ce3f1be6a8b28be915363d58f2224e71d181a03899e5efa9795729eb33f
contos/macn028.txt,contos,train,27106,4753,e6e0db2cd9ea73a17390857e2a01d61bfd354503d9cd298a3488f580a1cb6537,e619925fe37db841d65ef0ae9e40076873a808ede51e31c89319129ac7d1cda2
contos/macn029.txt,contos,train,35314,6111,ca3f035e4114bddf6946c0a221a4331bd1f6ab8119aa2f5f097a43eb1cee2289,ca7505c1e09d2d6dc0b076e28eb17344730f7473c92418c2b4e4694d01dc24a6
contos/macn030.txt,contos,train,72475,12787,fd5fbacb8107721f1b5565f735b5b4a20566b37b69d2e31658e57bcc03f496ae,9cff8ce28217f0aed950275a936df3d29b6acc385d6a2c95df078f9729721353
contos/macn031.txt,contos,validation,45509,7959,c391a8e599344e5374d0a70d5c008ad249748482fd127b87a58a07fd5e251085,dfaeaea0de34a7d5ca93876a3d6e260372c4705aa28987976978c8d660298c14
contos/macn032.txt,contos,train,28806,5122,b44265d2c0fe9badbce6c7932340b7a85451f28487411795c966b58f83e5068b,9b3d26f50b12e66b39da57947120cb2873e5816ab8e7f2fef5fda27f11ffd892
contos/macn033.txt,contos,test,28198,4940,2de6d2d926301708974738f34248588e62138809e1d81975f74331cd7b4ed784,7aa7a30a2f0a69b1bc949f14139a68c99632e3e883c7669080001ebda2ed97d7
contos/macn034.txt,contos,train,39897,6798,8547389cfcdd2b452eaafa16a836a5190e8d93b8f2615ac20dde192e73103958,38fbfc4a2a6b1b88dfd9395e175a924f05cb33db5fafc6e1373096db7585f0ee
contos/macn035.txt,contos,train,19333,3291,aa8af75e3d4598ff9eb905b8467ac4dcc418c48805bf062458163a93d44386be,0856944526e84a8b98f01cadc4993f312b3890561a1dcb7f2f26cf2957073208
contos/macn036.txt,contos,train,66323,11649,04f3c9e8763401fe9303f0e29515a1415f241f69e9c51e2ea31dbcaca66b01f3,f6a132b04d5b94204b26f156a44702abf6b07c88a6357001e49395d540683d11
contos/macn037.txt,contos,train,33618,5761,599b9a609117f4d9ba9a3f7b5bbe817416e50a74d7680afedab9dd83bbce18b4,4712dc08af38e4f827cee7cc2b63b92cf895605c60da5323b5b54de7d1b3711c
contos/macn038.txt,contos,train,26000,4453,03d01b1ae46f9bffe751ae8339473edc70b9a58117348565547b5a0cf958fb18,da16219aaddb23bf0dc42921a0b9dcfc6d52d021f61741a608afc36a2a716464
contos/macn039.txt,contos,train,37671,6559,971872664af8e0e859bab6fe9110b1c50a39bf573d08d8167d398c77b20a4415,7413813889feb7baaf819394515a87d0546b0216048d3399673c81deb0eccbd8
contos/macn040.txt,contos,train,93384,16132,343e293f08ed7da8516fe1babea53fe24ec49e59daaf7da61c02276de7b210b5,36b936a35dcf3a776d8565a10902a0a46b2cd6d9f857ff3df3c1006a539d37d8
contos/macn041.txt,contos,train,43810,7800,38c9048e32857ce0f277bde1b316492ac1a8c899b0e535e0d6bb4fac1af4f42a,24f62f3acdb9627d7e47977d963f7f6555507b16f34fff839276983cb93fa23a
contos/macn042.txt,contos,train,51551,9021,60ff0b7bdc1e6829ed085eee28bc091ea22e4407de0492d983bea2ba1a0b88a0,0666e95c4d08fced0f4379a83928bff6a4df060ddfbc7cdf734b921eacef5712
contos/macn043.txt,contos,train,26124,4589,962316ee14c3dcc5e3647e5b50cfb5cd4302a8821a77f807c86ec34c43d39664,ae1ce7db699acbcd106278afc3ee77fdb299b2a359334a3e918ead150308fd67
contos/macn044.txt,contos,train,27438,4688,e380506d3f008dc515eb6efd13406b81c032563e0da2ed8e79f86ea28292f61c,042f39fd569345923389abb5fd778d35d324d8938b92b4a40b6e880d4cd748c6
contos/macn045.txt,contos,test,76311,13318,8378c4b09d7d118ea5355b98ff9ef7c65e1223c4c259aea69ae7a7ffe35be5c8,0584182593739edec9f5f9cc26724d494f3460602d54589ea724788c8cb3dfec
contos/macn046.txt,contos,train,26001,4628,0280e1f5c3f4aa18b8c902ea02db433110f0f525879bd2a78ae27c61cb2284b6,ed42e4d799ecbe0b07c4756b1b2822d533809716f10d6a0d7f8828178bc4ad74
contos/macn047.txt,contos,test,21574,3820,e545b5bfbb6de49dbd6708adc4bb3bff1e972420136aafb6067cb9981550d4a0,2666c35fbb36de3ab5f2ac09d0b4c11159e7b96ad81d18c2b79829ce94e2af16
contos/macn048.txt,contos,test,43218,7415,247a4ba6c8db362599ffd7a8984c455c8e5a722d0e8c20c769a4acbfca8a1f55,d77a162d2b17cc8201606cfbb693ebfa230166bc758aa6d4471097e8ae23d22b
contos/macn049.txt,contos,validation,34946,6109,0df47fa431696545666cdac143e35cd1e656b6aabcc324ad48a3256415d66e72,2e8e5b7f64d7ef94d49570b5790b35015025691feb944578cd9666eb934d804a
contos/macn050.txt,contos,train,38052,6576,f3703b315e122fe9005f0096c433c2856bb292c1adf426c048306e66db75fee2,2257694af074c7185460c35469f1af11a60c31f248d99685db2ac191fa454ef9
contos/macn051.txt,contos,train,34497,6193,32b671fd619763faaefc39503554cddf2c965ad9dc04bfdf442a73d5c120dc7a,9d137fe904f971f95e3e217cd95d2d5c1b362abed0a51c0610cebc1e96af301e
contos/macn052.txt,contos,train,48958,8385,6592a8ddae177d90bc477a0d4dac9f8a6d2be153ed196a939e908f33afc80e4a,dac8c901773ec30aac3dae26e0078dc4735e1dadfdc655a56f5effa343f2fd2c
contos/macn053.txt,contos,train,45191,7906,974b8dfc5b2d46b61c38d184fd927d6a1be68be345c6c3575e6dff7bb27fb0b7,5246f86d8308904549c2d4a8b812b7607bd190559084706564d9e01c778693e6
contos/macn054.txt,contos,train,21013,3662,4d409c298c457635e724f5e01a76bfd18385104600cb6cc606c7fdeca5550351,4c7087b5ed58c46d3646dc8ebf6e7b0a1d194f6ae1a5cf09d5033573febabdf5
contos/macn055.txt,contos,validation,22674,4005,e83c01274644a4b85062319349e800458edb99bba93b0a51b77feb498d503465,e6fe5716c398001aea8a1788b81763eee5040adb5a0c6bc8769a01917f2d0613
contos/macn056.txt,contos,train,31209,5463,6b6c1f3c31ef516e3add7825bd125a3dba2b0682acea46ebcd0e5bc01c9ca5cd,fd8eabcede6cbeb9d36d752fbb87bcd1e0402cfe3ec2697a8e96ed1851ecaf05
contos/macn057.txt,contos,validation,11547,1998,611b7a9ca8f247fe251d904990fd2b56a8479498edc252e30fc728fc14647552,5517c304d3f11a120b92f9e2979910dc3b9e2de80dbf789273d50fa44ba7d9b3
contos/macn058.txt,contos,train,30475,5360,24b11a46989b737fe65cb6468ec5d6bfcd0a23f3ee3eb6af58df92f7cf018cb3,383ed508392e7dd453464995fd6e053cc2b196c6582c0f99cdd3585ba945aacd
contos/macn059.txt,contos,train,16786,2887,8f177bfcc5437b1f9750df7a00c09b61066f5ce5ad3923b40487efbf64573328,bc877f8c571937b167b270cb0fd94093c5f417c08800b8f225ca77c9315786cc
contos/macn060.txt,contos,train,25730,4608,03dc479597e4e382125f8604bac98337095875f1aaa93e5b0ac5365ef7cb0c39,60db3866f2f45dfd32ff6ead0ab5e64b24726e488c4ba02a31c1f33ea64bd7b4
contos/macn061.txt,contos,train,28720,5004,616ef7be5589caa668408499185b636b80111e974801fc26ff18b21d2b42377c,533b8708d465f010a1e9242cf046628fa202b03e9c39f087761cc1a47333c3dc
contos/macn062.txt,contos,test,19099,3348,4e08d3f6e9c30aa83495faf873df58429f8729c385c45355450611ff162b3c59,f465dbd3b101c8157776c2adcad4097c3a3811115c415d30769ecdb13386d151
contos/macn063.txt,contos,train,45634,7969,e25c45bda77abe0ea908893356d6a2735357cabe427eed0f2a90fc98778a5899,46a6728a9652efc6a166ee3a3ec00b7c65e996b6005be7a8a1ebb5beaf68b1f7
contos/macn064.txt,contos,train,64079,11380,4cd790f612becbaf2a1267de99e0bdbd5900dd7b432f956196976cbfc97995d2,36777e5f3db4f2891bb0189cb5aa70acb9d2fd0340364f1fa3685490bde9962f
contos/macn065.txt,contos,train,19972,3416,6561c2284de5e29e2f66a552b5b95d098c066b0b10691fea2e761f743335ee5b,63cb3ee4b74de7761bfc407062e65ab08fbdf7e31a9649e75805f963805045de
contos/macn066.txt,contos,test,36400,6390,2f33ec368f181a3ac4c7db64bc130250d05e37c3da807ab6d388b6dcc5ef36c1,7b8e907afde8e5894c5931066399841808bb009baaeb3b6c32e2f91c54814018
contos/macn067.txt,contos,validation,29603,5213,d1a946c7d875b5e8fefc940b88b8f291c51f3cc24525574c1e08f0e281594b4f,88bb9f76e2c7bc29db3f64ce6202c3a999a6e9f69ac2fce2ef2b2293c3307261
contos/macn068.txt,contos,test,30211,5401,f48f2849517b35790d73cda0a6df21b123a0ae49a5ccdd8f1073c9302e69c750,968cb992ba0dfd8b0c4a1b14b7ba58cef9c5960b7ccf32131920568f312766c7
contos/macn069.txt,contos,train,31180,5483,02fec851f0018341ce8541fa03ead9a18343d12a91a168c7de9aee1a1ec9e105,79118f687bd551648a0a2450dec33cbf9954f3eec7f27e20b05b255eda8a85c7
contos/macn070.txt,contos,train,38451,6648,bac406c637a74b0d46e51ffe36928419e91d8b486697ad805afbb9d26729dc26,86b2558bda08b3e5fe2aa468327d0d23e2ebbcfc8c49bd2a152b3a8c437e28e9
contos/macn071.txt,contos,train,33972,5909,ac000952a135eb6dbced9c3b02a599c27b4b0a856f4932b8b474c0a57b55c2e6,bff34d6d67ae1a0568062ad335a19e342bf118dfe6fc28aa1bf24f5580aa1402
contos/macn072.txt,contos,train,44549,7711,14666ee5e1d0d2170644510bc0f85f37e4a26df29721ddca827bff52d23d34b0,376d54aba3f649d2ebc5b827d8745486f177c91fc24f110ddbe311d449d4b71c
contos/macn073.txt,contos,train,14983,1586,e885c967b4f7f61ffd86143425874cb46abe90d734526b3821e4862486582994,e396536034ce692b039752b43503b0960b2a21799e4bfbff5118ca15c22f0b67
contos/macn074.txt,contos,train,12669,2134,c2fa0febc8071dedc235441bd00dbfea84e17b59e1bdb1b441299bf0c550f509,03694bf1e0e4bfffdcfd3911c18998740c210cb9834c8bdc8c68422a2fd05d80
contos/macn075.txt,contos,train,13134,2318,a1ae0d44aa717ce4f1f303c57fa3fc2f2fc54c667ab9cfd3497f9d625909d5e5,b02e2ead458d38b3fb37d5163bebbf893a9c1055364b223f004e9a1dc4e08cd2
contos/macn076.txt,contos,train,33400,5843,5991eabde8e084fc70df286a50cf712ad0cd3249dca67b2b77b935be4c4d6693,ca6b994c4abd603945d6ae3b1abf95a88ad57e49a018fa0c67937f8e1cf612e8
contos/macn077.txt,contos,train,44385,7616,31634b8973e263477326aa1e55bfe5bd885b70d7069ddfbfab754da804067135,5c0d2a34b278bf7e99797492ad96eb1fdb60f548a028c10d64eb769deb2c8595
contos/macn078.txt,contos,train,12294,2219,02ab1bd213c879751ce906c4637a52548cfebf822b353659ec9fd0980143f617,c19275f3dac89157d1ad154a620f1fa8a8839ca6e54c216eabd49e4a329abba3
contos/macn079.txt,contos,test,11986,2017,8d3d774b41e9d0f853733ee0259342aae56f825c5a4dd7f5373cecbf10f70d6f,27446636ee49552e2e0ab3cf075d76ba33e8f546ea6959c1edb9efb7259d3156
contos/macn080.txt,contos,test,16282,2798,08d115049549f1054fcb6217255f9d97e441ed01fda183404fad81f53352ea0b,d75df58aee09ab528917437b3d28c364d944748ac902ba0bd2abcc8008f85892
contos/macn081.txt,contos,train,22485,3840,5d7f5bbcda3c4c034514d97014933cd4f6fc6d4ac27dede74ea5bde512db7812,b7ff66cf714ef6cae3cb70920ba5885f9509f20adefde27f2906daa2de311741
contos/macn082.txt,contos,validation,15083,2694,fca2391663603d24843b25daddf8ab35dd1f7fbf0efeaffb2dc571cf3f49750e,f6bf50e54f04424335d71b77e598bb4eb2caf8792b0f59d2ea9069fb70ee4e56
contos/macn083.txt,contos,train,37663,6670,98f5ec36242070a26a1bdfc7c6286889f639d5c53f604e12652fc1d591734ff7,ee6385f0e6249165e9aa3c070ede7e21fe7b520e42f24e7ab323da002450f85c
contos/macn084.txt,contos,train,36750,6456,c5e21ec6ca357bb4697debee7ee676b67eb5c4d4a172b1048cdf9499b23b6e2f,90690b1e5e991cc3474beb976c17843bb5a8a00b536495fbd4f2e8135693a83d
contos/macn085.txt,contos,train,26853,4725,de0506566adb4f8983ca46e3f3c6bc6ad842881f2a712fd9d908f64e95603d19,c63068f34963bf1952ceb3cc2401007a6f0d634f559f8d673548e2c9b54d5145
contos/macn086.txt,contos,train,43394,7514,99e3e20696072c933a089b15c35d61c9630955bdb99a404fb59f2fd519934329,da69230d7d3e84d1e12d6973401085a22b1bdd7acc66b61b5fe3c0cfde264867
contos/macn087.txt,contos,train,21649,3716,b63d16fc7ef251ba3a0b107e76d880f499a8a4114dfd62b8b3ed33022a7b282c,282a2d6d3f2703614590c29d2828ae463e78e5891ea0d18808c9afd16862058e
contos/macn088.txt,contos,train,43201,7358,b82a24635b94bb8bb25ecae6b54b303d128ff20b6d4c247d3df95e7360ab3163,b9e6816bda9dd905a1ba0901688d38ec15d6e1df79d10243defa3bf21c545e99
contos/macn089.txt,contos,train,16373,2740,a291413068680a87040b1cdd2e6127c91875e3772466b97f7ab31bf6d43c4f82,48bdbc883f49bdf576ca2f8c38b557abb5107c92db90485fdcf4959059a29097
contos/macn090.txt,contos,train,11794,2040,065d42b4089d6d53876ca602804a77878dd54d3003512f649041f68288336cf3,8772fc87f032c95ab44c98f18e963d1a1839771042c9e6fd88892d5d251f054b
contos/macn091.txt,contos,train,6042,1093,ae7c4480df8f3407605ae4195da22af40fff953e5eaeae473e98478aca471244,c53621af7c8c31d4b7d8b81eef3f527c8ac8cbc5d195c2c45bbb9d35096ae1a3
contos/macn092.txt,contos,validation,7653,1309,409d1eca7c356e8b643357919c916df39099280b87f70d58f1678aac73e9e206,15f4852c4709ab94eb94a34b26d0ead5817a9ee717435446627462120be6b670
contos/macn093.txt,contos,train,23096,4011,752e2841e82537665e31aa4954fa25f78a9bb47b3b1de69fcbea8dc9e35c1750,760c61b17981a4437456c4180690fb3e39a91d434d8ab7b3107b032c9598e994
contos/macn094.txt,contos,train,9234,1582,c22b24e663dbb6bafe202b85f929f4d6b6a4d1a7deb2bfaed70ca56f6f77d4cb,7986a4834885058c9c6a18d143d2e189fe1ad4b765170c50114f27c859df78d5
contos/macn095.txt,contos,train,7948,1372,3c114c5e07c35373b20f4d3c52fa15b1c34af7d5b21b1040f1fe4eb2932a5b30,6040b705a7934a19c02dddc0235376581f74ec98e29696c95e914594d42f6610
contos/macn096.txt,contos,train,9456,1657,65f07c817a49af548c30cfd9649885eb6be862859b6388b3207495b96bc78a85,50689b7388eb719bfe0d838f9df5c0e872a49764c79f4c247a39c806b3cb637f
contos/macn097.txt,contos,train,18339,3184,35022d898d7779af078bb7692b7320f3639697eb3b1054b936f5a5c921f170e9,015b7b11c4f9650cb850760286866fdbe8303bdb2df6c5c4548a9c8c6bf88bae
contos/macn098.txt,contos,test,6042,1099,f33ed4b23528d3114fe07e1aae82d3a23505a91919d536b6f1dbf7ed96a3ca08,3ad7e36326b30f681e29cc3f1b304eda7d9d1c5e4913eb707635c61159bf9ee0
contos/macn099.txt,contos,train,20664,3662,7a2da7d798da5222942da778db1f543bb6c8cdf9763d609622894b230c91d03d,70ce610687c0439fd42b4f8e5096d7c59845c983a7bc900b52a6948f2c618872
contos/macn100.txt,contos,train,7211,1249,c284ddaea34590aa2cc42fc07cc390b3d47244dbe35dbe58946ab4549e7583e6,3c3ac9efac4e467303f6e692d6414fe57a77dd5bea2a2b317ccc1d2dfba999ac
contos/macn101.txt,contos,train,7528,1294,21e7899e989949978a75a17f80dba8371a12f6abf71cfa4b2f8e0798d4edddce,dbd4002e511dbaf69702cacad27410c52bbf175abeca5324a384813da9c5c9e6
contos/macn102.txt,contos,train,6057,1109,415504ce4ef255c55689089f27906d75052022d67e9903e9b68d00d8ea2d7ce5,65779005f5f9b53b2997c8f06994a124954df2c345a6597890c9899b8cf82155
contos/macn103.txt,contos,train,16309,2866,b0ee1bc2a92648141cbd353a892476b9c7ca35e69473f3a2838f9037ffa34d4e,434247b49722b7e07165ab86507daaab3e91897d17caa70172ec01eea5c90072
contos/macn104.txt,contos,train,18823,3277,d191747fb126a38c48f90c2a8e89fbf7bb60f350f2acf1749a239c5442b62b37,a8dadac5d2f9dc5af51e620a588b00ff5af2eab43c9de86e691e8b39ebcf7da3
contos/macn105.txt,contos,train,8839,1543,f78f66ec2b6bd260f9bf21bef7d3f6579a038d4bea7400d65e1f2295ce44c6ea,ae6b7e1f7249922f1615ade6aa697e5da3829207182657603597cc650f3069c0
contos/macn106.txt,contos,train,34500,5989,f617f0f64a8377aafc408df53cbf52396036793181c8716b6369179b41cef8f1,b807d002e9353fd319ed4b502f3c14e030d64bec28aebba6c716cd301d62506a
contos/macn107.txt,contos,train,10053,1767,3e345f736bcec66b73f4e10114ea8605bf20539fa021968fa3f0c153e01ba837,9d99ef57d536eda931bd6aea9d4cafcc79f105c37a7eb493cb720d37acd6f29c
contos/macn108.txt,contos,train,16684,2873,d6648f354cf9b89e85ff5803619431e1ef716a0bbb22cf986161f5623dccc46d,abba461a82dde487f4cb86d3bff968b4875c1b37c7525ba3ffa99d45ea2e3397
contos/macn109.txt,contos,train,12459,2235,f58f65fe69207413616f18f86f1c34d4a844a37bf8444c327df56abc6cb59af5,0a64db29a9ed4e9f3095a68b9dab36c99e71762086e85c063ac5333a01ef6198
contos/macn110.txt,contos,train,19388,3365,5dbc4e601489df1e72ba45140d2e1f98fe3e53eab17e3b7f373c593d2efaaea5,cac6591e3af96ef89d057bafcc5768f137cc94e904506eecc386f5395bf62dca
contos/macn111.txt,contos,train,5642,1006,94a2c0ba3614df1d89662bd3449c83f6648148fdc5d0dc0c34ebd6175c213b6d,c3fa0f66ec7b1865f50d7d4db624e091787b871793ad0670a47e26008cc8cce1
contos/macn112.txt,contos,validation,5252,945,31bce5b3fc9f6e662fa921140b7180d22b38b3a36b47ad70b1ba6d90a3b874c0,5974ebe7050e3b319cf273ff7f59b13beb29a2944dd72b3632a522a8413acd5f
contos/macn113.txt,contos,train,34674,5914,d02fc55bf5c5728e9768f729983113d0a5e9d473ffb7a25de5d8cf0fefda0c7d,1ee376dab9f4983de0210de3f05c5f71100dab4820db816262823c8c0fdcd2ce
contos/macn114.txt,contos,train,15902,2818,c970f1f00133a2e35f0c207a1c11c39e61816779f5560204e3dadae6b7c47a73,f9313206a4dbd81e551df52370fc562ac81cf3809c4e98f793c2332e09fcea31
contos/macn115.txt,contos,train,16975,2991,7cf9d32874288b27056191f754ac5f8d204bfffcdc6b4394ed9c79c7d126a5ab,b1c99db2ffc1c8a2c88548533fa53e10a67bc1fed7c8660584ff75341e0189da
contos/macn116.txt,contos,train,7150,1262,6402b297e38921e6bca470e604cd58908001645deec70c308b6c6e960c527920,50e3b2801699fdcabd5994b6ebbf7a877cc1a1071e30f059335218ffbab7ab89
contos/macn117.txt,contos,train,21189,3624,f3f14c96b7acccb5b6132ee434e1acd0500d6903c1d2755c9d2a0079f387e851,5d276137a10f16b945dedee6e956fdb18d4527f7ecd4c8f5971a562ee743c75d
contos/macn118.txt,contos,train,16176,2696,6b45086910728953ea8afb3fe141a5be6755c66b1cc014fa703b748b1b6e7dc2,beb14ca28fc120838cc86bb0a6922cc091928e9ea3726091c8e24221c23bbbfd
contos/macn119.txt,contos,validation,21133,3679,d2a4fd810a1b92432601ef4cc7282a1298b741d98d85770500db732ea0903d29,d96a2ecca539a4e99808f2ca4d794c5d12dd2080f610384ce1200da10d95b775
contos/macn120.txt,contos,train,8343,1449,2572e4c569881ec0d5bb942b342a275d5dc113ce9c0b939bef54a30ed3191376,d5840f8b6889cb8a28798483db379e7f3638a7fe39746150438da03bfb398af0
contos/macn121.txt,contos,train,22560,3996,4c17be8ce068828e0b491a7ece724080728f74059556d455080f199c6ffd6577,fb57d62eb9f71f85585ff25a6dd1a07af284c11154249308bb6cae5d43a2056a
contos/macn122.txt,contos,train,21473,3734,2785c48a0dacf8ab01b20b8efe86099882dfad498cfed11fdb000d119fd08555,ce44bf9829b627e601ad934b62048202a2f4ce29a5b4b61bf31bbcc0b01919f7
contos/macn123.txt,contos,train,29740,5174,201645b54e627e2ec736c925d18b35c86b1c0bcf6dc7454b29b47fb750f3e48a,919d606b9da098cb19466087481379a4371ffe6dbb52b082b4be2db10a991ab6
contos/macn124.txt,contos,test,25481,4396,8e7c1f350db4e6a0269b694671d0deb7b11cfcf1b8f0b750885940b423f39977,835f71d57b2ec34be34f89aeb917b05d9821b5a34c7cdb68b6552420a8e584ab
contos/macn125.txt,contos,train,30030,5230,f6908a1cff8a775aae4ae1cc1cd2761c1b9df3f237d0df35e0b6af2e4f231070,0ab0c8072a3f62db2a671e2787251c0c8fc8235282215509b9300c772a18f702
contos/macn126.txt,contos,train,19758,3464,23ac50d076746a9e75631a9fa16b299f92ead238230b8113c7c402fb6bae0bb2,2e14a39225211a7242d4df0e7d3a01a56a397803c48dfc0c7d7587d22985b4af
contos/macn127.txt,contos,train,23783,4130,0170a19f24684f8f958971a02c312fd556678ce526772a5e85cfd031a2ba580f,41d3c0ae155201be9b121b8d83be33546dd4c3d7adaca3993c7125878b9e1c64
contos/macn128.txt,contos,train,8874,1531,73f437869aa933f07937321b0350e27a133995332dd236e670585706fdc2d2ec,a54d580e260b82bf2a8123b89aa2b1e2272ca12238b76b88d6c91cc398d42b7a
contos/macn129.txt,contos,validation,26989,4721,0a47d689458aae25dcad2f9f0547b1ba693033df883572432639161aa1579295,383f95cfd58755ba67ea5713ab9ab809f113a11ff119ad16a0501e068d5474fa
contos/macn130.txt,contos,train,5134,875,e8651294d45435e6a79f860943ff87417484d793b06fbeaac51edb822a230db1,5709f60a30dc26029ead4bcd4de2543c255df1947afe5a67ffed11e750677347
contos/macn131.txt,contos,test,8654,1536,64fce3f6b535ceefa9ff1ffadddac632015ed03cf1ccb4670996a52fa47dd290,2c5e3b46fdde47070b6d6c8eba07178c04a8e8b00aee839617fbf1ee4fdb7bf6
contos/macn132.txt,contos,train,46356,8312,9cd2327699b732b692b32078aac3882ae6c6a61a079729f3627a5960a7bc0940,6ac36b00cff5de316b878a9103849b93df2f6c890856c7d40c154c0374d61835
contos/macn133.txt,contos,train,9703,1706,c41b7bfd20bf7baa219509f5c0172165a4086021dbed15b046c98c8efe546f10,814ca96f71e102622f7b06a3cd3627e27131bda1cc34fe48b5a69a258b6b647a
contos/macn134.txt,contos,validation,17239,3064,f737542dafda618fd4187c4a4de8bd4f32d6c31c5ca165bdf37b3c979e9a4be4,8ea75dbfe246471f4998b36f069c5745e3d37ecc805ce7028b17841a1d1bd5ab
contos/macn135.txt,contos,train,22071,3861,93f7e31712dffa465e8ccb48343a3ac4952de33a5c12eb4482baa43832cd253d,58b91f9785cda9bbb3b9990ff5f6a7dcb0a4f5e6a6611e47b5fcfb9b987547bc
contos/macn136.txt,contos,train,30685,5286,d1134f47628e835a1a3272e4f1c280d69ee443fba393ede8c08e9a026327d30b,9d53eb7e16d58ae1c0f0e06ece53c9fd8a41a65f85e30b354a0b53857e95422b
contos/macn137.txt,contos,train,39533,6878,b353434929358f2aad112cfc02309da300988d89aac8affa1f208e5353d11afc,bcf9cdeed691c47dea92b6cd8938a8fa2713a8f28ccf44cf39531ec5fa0693c2
critica/mact01.txt,critica,validation,13400,2171,556a1856bbf4457d0fa0a6c46ebeb648639c5d218255e3fc45674ac4327798cd,98c93b24f2218b6dae38dc7eb3e362b39fb6a63e603eb35cb7f581c8f01388f6
critica/mact02.txt,critica,train,24248,3919,0733951432135029a35c5534b5b4019240e7c31acb4457d3aa2864bb3f70cd73,e311f7cc83270be33f2bc41fec6c1e25101cd2a9a2f08a8fbb279919b264feac
critica/mact03.txt,critica,train,152342,24628,d5b626f0258f8fd8a41e30eed0fcbc69dae64b8ee5a70d00904d8f098d1dbe49,65093f82697730ece3503b3717b67058276355669ab4f8191e320b65e5705cc2
critica/mact04.txt,critica,train,185754,31022,f598b07a4f9ff9fd571dec8cb62a3fbac2040ad5bd9666e6180543d578c0b4c2,0a022e73366d0f882a1a9a717336f6f8e4d35c4b3ad1a3a7b880c19595da76a8
critica/mact05.txt,critica,train,11156,1917,6a4be58da003b8bbfe0cc6041e372403ce557eab3519cd6dea540c65a8b7c1c1,6627d53713a502640f83867ff1f6674d7b10fa453f8fe5d0647de5f4384b6e3d
critica/mact06.txt,critica,train,9643,1657,edf51879c6ce9564fef4416b47795b5ae7938ec80150bbced05bb9e4b9465f83,9dfa622718697a2343daa879e693ad91402ddb747996c161abb1de58b3f5e7b1
critica/mact07.txt,critica,train,4604,797,4b09d77fef15f20a73d2dcd444a464b4c617cf740bbd427800682610500e24cb,7ce2f14638a60e5a3f5748af545a006db9d9ab0a92efa1e8d9ae06e896c19ba5
critica/mact08.txt,critica,validation,32285,5408,5589efb06b9f50902303d8e0bce0e5a0cc9f69d2b51f5038001cdea1709d0295,7e7c5b6bca4781efc016582bcddb1673b40b54469f2859cbcb0ed99967527b0d
critica/mact09.txt,critica,test,13057,2249,5a09ada664c59c5bf006ffcb0f8e94447104c7332e1870983495ffeeb0b047d1,87220e5c2ca4ee522fe975821ec87b5ca3ead91febb22c753e3086d05fda9e8d
critica/mact10.txt,critica,validation,5823,1004,ba177876fa8062868b01c0ad48c68ee0b856763ffea87924f911a75032e5c549,2a83797ebe25ed1eda268aae517f3b9c333fba3136eaf8b06e1ea3fa086e0f84
critica/mact11.txt,critica,test,9325,1578,ddf6ad9776b4f9a21e0e80bf830035918483ff5c6d1d0399f2262190b756300e,107878a43d4fb7072d8d31aa66d18219ea8c74c00f614b5845186f3a946af432
critica/mact12.txt,critica,validation,31473,5002,db226b07d72fcf6720a7fe67ebffe70a5f01ae1dac1089f022b97fe84f2c9500,3581bba807a0bb3a52269006c4632b20531493e28dcad41a7431f9ccc0525088
critica/mact13.txt,critica,train,10393,1733,f8a0cdd2b6ae787011d059f8a59c08e91c2829ea44721c0afc0c0122888e91db,6c0b7e3c67e949edc6f881203219090961c78c6a710a9315629d2d093acdd7ee
critica/mact14.txt,critica,train,6656,1062,cadd22085e128d98774a0ebea8a9bd8891ceb786e8943e0f296112b46cfd038f,bbd8d56ab257a685da5f4b3d351a395fd38f2ecf80c10a32a8e0936c5667b05d
critica/mact15.txt,critica,train,91782,15545,d49d5f80342e92f1a486efab8fad521721086f5696c6344549b308467cb80bc7,fd21a3c34f29a0eae2a17941198c28380193cb14119bd4ad558c146ee8281cfb
critica/mact16.txt,critica,train,11179,1901,5613082316aeaabfb5a0dbca6631b91e3132e9df46a4b6494170f3ab63dd4c02,2325b27e11e3ce0e6624ceb8d85052e74510e283b05ecd02c284e57f00eed7ed
critica/mact17.txt,critica,train,14987,2631,137928560b1618c129facb9a49403ddf7b07eaa8cecf40a334fab79a59571cbc,ded7a765393ecf264a5862d2e84f3438bb308d3ce38acd7447a6ed61575d077a
critica/mact18.txt,critica,train,15080,2568,f8ece101aa1a3687eae6d48a0658f4bc0d261d7891a205d6027acd142d19563b,f23e3e9e19cfdc2e0dc5a10b5e524cd08cd0c4bbd9375a4fb2e563781cda853c
critica/mact19.txt,critica,train,12824,2121,518335b7886828689099112b5bfb7a4713dd654c72af86c7287867a205fc51c0,157095404638028ff85487d2ddb702abf596cd4c46525c021cdb8197ec91f859
critica/mact20.txt,critica,train,4484,759,58b1896a4fc3c0214625548aa9dd3210743b070abf155a134184402846483c19,fde7837e7a2194e1d93f5310412dc41d50e54d5447f4b7c3ae23b77e207e9270
critica/mact21.txt,critica,train,6697,1134,6aaaa080c7fb88e4078873840f63e644d75167998197f6601185466f4773dad0,6886b9d0f46706872c433ed4d0fa0d3f41e6ab620bfd834b8c3652a2746de8a8
critica/mact22.txt,critica,train,16166,2804,020ad13646f0dcc364529317250ae1916c4b4fc66b02df70e8186ac57fec1bae,a639807e0a08a1a9e56eec459ddd0d9bf9bc38653f767cbc6a7c4543fc8861cd
critica/mact23.txt,critica,train,4435,769,01995e7bf075cac97b33f92f40593de00dde1619f1ceca9f1feb5a8673c3423c,9b342931c178c95feb311afd5635bb938bbb2ed2fd593852240fc66c5f6da137
critica/mact24.txt,critica,train,17834,2981,159e73ff3aa1a5749de2c2ca6e4b84405f1d15aa951db9b5394ac2496f6ea6f0,6a6d79020cb164b24a5bc7f7a3f197db3001fc47e6ddffd6ba117d9c2fb16180
critica/mact25.txt,critica,train,25314,4232,a050665a3d25e34ee4a378c3339dd0a3b28192372c1ae534123a8f4281b0a462,5d084e1ba470a430e5eadfe9448c20a82b49f3178bf56bdadc5d7c5189541b3e
critica/mact26.txt,critica,train,4952,843,69e45681a3062db117ec320be21da63db0af8ffc8d45db774b3884ac75b6aa4b,502aa5bf28d66cb3df33ff93828da658606eda4f014e473f7585b4369149aa7f
critica/mact27.txt,critica,test,32210,5600,ee5814b202896acb0c449205d03e4215087e6864030bf5f822df6c75e28c902e,980544d91f973de142b4225c91fbe6cf2940f03edc4675f0b2c5f8cb003cbed7
critica/mact28.txt,critica,train,5306,934,6cdd0ac25897c067333bd47f01a953900b06efa4cac07c12768d1c01c08e76ee,e20abeef7d7481d804f08f8b7a37ba9a94710b162f9e7350b87f1c3ee9ff2e66
critica/mact29.txt,critica,train,81550,14120,29b6365b66dde357ddea970b12bef4c8409fd0537ebc9df04226170556e24fa8,894855a8031b90c2c5daf536125c64219d5c685f6512813247e89fc7db336fb9
critica/mact30.txt,critica,train,4905,816,c598047b2f0cb5158d2e53f29e59658e1eb62439944f4056e32d22440d7a42bd,981804ff6975285c70d6ee4bd85cb770784231e8ee1172b99d4efc8c8dbac7f3
critica/mact31.txt,critica,test,5881,1016,c6a54f965efd28f5b067cd3d8d3c7187b69c3186eb4ea055dc713d88c4a09e01,a696aaaf4cdc8b0d49b99bed6cf969fa94e3f90486f869c193059d462446d57a
critica/mact32.txt,critica,train,5685,987,bce89af968d2154c773b99b96d6bb3c4df85b41cde7807e8f0320457a46e508b,20a8fe7124d930eb3b8eabf06bd53a2d9ff58c6edd3f6b01c36bb01e603808e9
critica/mact33.txt,critica,train,2569,450,b88336061600d887fa5593591e06fb1bd745a28497398521de573213400dcd1f,a10fec2638b18935872bab8a6ed5375791dc1ced3b9a2b09daa5237704b977af
critica/mact34.txt,critica,train,1886,340,808d8f1e957e66adad64214e1e4a0986fcc57a8046a3a7429c9bbf1dcaad0ef3,17a9b837b537f58b0acdc85419c3079f33f2594e73ee044372adc5254b551278
critica/mact35.txt,critica,train,10725,1803,8f0e2146af9821eded331ac417a21438716b5429a4948014998a8bd9976a9cce,a70fd86dcf5722b108aa884d4cd99415e1effb3135890b125fcc79006e08d7f7
critica/mact36.txt,critica,test,32062,5521,f6318c7d07d6c6dcc494acbf97bccfb2e6baee406a5b4576573d21aa1a4c598f,100432e70871ac816e6134fc0daa716c3880f31c05f0a3018dde75e130f70f80
critica/mact37.txt,critica,train,6046,1008,05b7e07365a28fb3aac85deab9120be0669d11f1d8326f6f0337991750466111,2cdd34e84bca2c743c083ea938b8e01b56985439b4fc5932bb1f6fe1abeeaf31
critica/mact38.txt,critica,train,8532,1513,49995c5107e44c0404027a75e124d31d85fc5e0a8fd4da7b9be0dee77006d2d6,d7468f8cf987c596010fae9679545bafb640520f48ece8fa7381ef4dd8f3ccad
critica/mact39.txt,critica,validation,9547,1694,c354b04493bf69e8890fb67141eee04e6f84741635c5553345bd5f366c4aad6b,f1496892a1817308e5b6b0423776772bd263793082711de4f3d6cadb6a53d11f
critica/mact40.txt,critica,train,5030,885,d9df0096e61316d3029c13da58496641e0e44ef954886d1fdfcabf9bf653582f,b7ddb76e1b94c358932917dc0077376b087b3df5f7a147ad632ac32899f9869c
critica/mact41.txt,critica,train,2184,400,5d67613fe8749fdccda584462285e1bf7ab03438f7ad36e4dd9ed0f7e76ab784,3b38f6312b563bbe46c71170b076e938ebe7702dd947d0215bc8480fde56c903
critica/mact42.txt,critica,validation,4111,709,71d6ae25363dd520f9d874499960c9fc4ec9d120786984a48297a59e2fd81cb9,e93f59b7f9ca46b434406c649d7d132d2ff654015bfce9cf6f717cb99378bb46
critica/mact43.txt,critica,train,8791,1499,256d009823c1c34403cfdcc56dfa3c8e745884779e45ea6002b3c8835a1a3295,1d85e507ab07ad5b6d64c19f52320e6830cf9e18a2004ef7ba3a2739238edd5b
critica/mact44.txt,critica,test,4013,704,d726f997523bb34dd3ea4132d3ccea2b14914b13c3fb6ef33d40af512d5deb8e,b4bad551f81444edaed23e386d9fe4e360bbf78e8f8c740ee35a97d27b9e9cc5
critica/mact45.txt,critica,train,6788,1171,36ce7b0df44384f121a1bc728cb2abf49ba42a29a2e3bd1fdf7b84fc47515f03,c864a9e69c803ea5a8ad38eaa18e38953d485d9b5468e3fa17162b0f112b4386
cronica/macr01.txt,cronica,test,132921,21974,f9a818a280035281a197c5388892b51af39d83aebb1822570d22985d3c03adb0,50e4e78ff8acca58bed5c4aef12fd834854c0d936af96fd964850271d249b3ca
cronica/macr02.txt,cronica,test,124683,20339,e710296a34524dde1fd952140b78c32d43bb1c0acfa303a57585c309d4dc49fd,86f4d341ee44bfc9a0fe8254b62f46b8e1c2c0b0ebe88606512cc9012a276902
cronica/macr03.txt,cronica,train,117497,19558,c1773c7340452ac57d179462468ec8aa5b4084dd3f24e01035797e3266bad3c9,363f4f1a5d812457b3023e2f365f5dc07de4e1e7de16ec99659fb0f9b54292d1
cronica/macr04.txt,cronica,train,457144,78241,462df5b4efd695850eba22eaa3c552381e5b7d81dbf0927124c395538eb2c902,10ca065bd5721704c77d417e113978450a4efef92d75938ef549d9e597d6d404
cronica/macr05.txt,cronica,validation,21328,3623,3c1e671cb2f5d234a4cdd14e07bfeb7ae164b71bc4db94e8c98cdf34df2bb3da,4f2cb0813cfefb844a82336fe3a1a3b6d82fe7f2d63f2519724fd3d420da66e0
cronica/macr06.txt,cronica,train,63722,10925,4da71f175f4b5f334d243ac718f253a1f713bb34afbdb951f599c3204e54b411,47d8a8d6641c93505cd9a941392f886b654187fa1b47ecbb57e9d72048b456de
cronica/macr07.txt,cronica,train,119003,20364,7e1ed8327c7f54b2e1803922ad85720d60715220fe61688ac2e91ebeb4f3a06d,7ec1ba663e44a9cf062b6b8d53190858190f174a36066c959fc15f20426ed655
cronica/macr08.txt,cronica,train,13438,2256,49894488449e27cca3b366831e18e2b7706512ef65d1b898113758c3b2548119,2919ea3a136ef7fc9b47339a51d9439568f8ba38c4ddb3235f6b9a1fb16fef2e
cronica/macr09.txt,cronica,validation,97419,16699,4a372f342cc6c8fa5544f36f150e93ff019f7d06c6746ec791240ec5a661d80d,6b17dde219170e81bffe01d1764914fb5053b9bb0c7e7e502ad62f1676c7f0a6
cronica/macr10.txt,cronica,validation,189758,33125,70197346b5f4628ef3cdc29f526861b3c308fa27d23c4897a864478f2e0bc057,b540f58b7825d219ed6029bd59f81b24ac4cb99d6551a45f86993a3ed4447c83
cronica/macr11.txt,cronica,train,123112,21578,ad10518803dfc8c6667721bb33ea4bebc74b8c0a568e6b7080815de0cf156439,57c071d7c8ef956bb6426b13aeefba333b131547a5aa558f51a46f647b062950
cronica/macr12.txt,cronica,train,1540127,268667,33d42960e0feb3b44b1c7d65fea3b197dd3399696020967f2b937252cdf2c377,9ec12a6e54265f4b420eee39676f85228b97f0a0282ada0da23bb31e58b94d99
cronica/macr13.txt,cronica,test,17627,2733,7e4fce068c8903a04a5af98ea1865c4d3756f4ed1e690092961b8b1586b9ec98,3e34c169c60f86edbeeffd8434f0dbae3f6f2c6f821f985cd9be9882c5b4c860
cronica/macr14.txt,cronica,train,5536,866,81454e7c16e1efc856b6a8d8affa5d420acda4660188370382a4617c9c9d7fc7,573231cc6018e431516c8d2bc3c03cc3b4dcc3fcd1594d04f123cb6c06cf64d8
cronica/macr15.txt,cronica,train,34523,5507,bb57cee97450c6dd46fe2d2d63d3642cea43594883c427ab5cf12744866c2219,acd75fca8ee4c7669c57656c6d40d9c09ef508d416375ee636646fa49e5ebb49
cronica/macr16.txt,cronica,test,1887,319,88dce68edd0d43eb78995dcc9ebc5966e98a87cc07dbba31df94ce022447c97c,5d09a4af3aafdc113089450f50961a002565a7bea3f009fe0062088e9c5caabc
cronica/macr17.txt,cronica,train,3974,662,400a9502d1e471a6cd4aeef0d33a99cad6d410949d18cd0c9e833ff4ef1e3231,9153e62d981d04ea14c0d24ab5e41603026cc4402008170e9e60e489c2f873bf
cronica/macr18.txt,cronica,train,619,104,cbaf81ddd0ef79d973424a70dfd28387e482263799cf4cf5b8f2968143d994a8,ecdf2849d8dcec9069c9789caaac2a8a98809a3a87103537574ca9df4323fda3
cronica/macr19.txt,cronica,train,4813,791,b1843ec5189c12084a1c484016bdee0800a264e9a86074ed8595decdcd5c313b,0eeb1c43a3b5fce5f87c365de1c6add6891c82b407f3887c5f065b7147bb06c3
cronica/macr20.txt,cronica,train,3399,536,f8de37aca682de4b236069f55605be4de8de525ce129fbfd0cf52473a7237268,1d288eee62b0d16777edfc3fed5d27105ddb1ca0a8e815fe0b0c5c4f8faf0ed4
cronica/macr21.txt,cronica,test,36487,5979,80583902cd3f7a588d186ffcb63df94de4e0fa9005b908c47bb1827cd3e96e90,5c0a1fe0de5e5a4f7d567470a7959445753efe8cc506c2f922d3cc5ce2d047d1
cronica/macr22.txt,cronica,validation,4253,715,cee7c98f4d70f7836cf9ec2d9d22f9803578676a509d475fb2f1dca03ffbdc2d,f83a4212e04a7b896cb1a5ce17bdeff537da0b6bf1025e6562fd7cf710a5a491
cronica/macr23.txt,cronica,validation,1250,198,cbc00096bc2e09cc681d8358dd40c0137be493cbefb86b31183d6396fe136da7,2b39b05907955d68e54583d5ca518bc1beefb90c4a45761eb6da8e5a2877931c
cronica/macr24.txt,cronica,train,25605,4218,9502d9206db151a3df19fbe7c4fa7ea3e9a30da089d5ba7987fc53428f5187fd,35f4cb25cccbce0c5c06702007e5579a74a66672a2461116c9c6b3e13aad2326
miscelanea/mams01.txt,miscelanea,train,7535,1210,c9ca2d46a71c352e62b9e559944cfc8128b8e256d5279999ae68a568206f20ca,0700de1d2c96b6ec49b2d1b4a4e1d9728221e70b7a128da43750774cb40cbed7
miscelanea/mams03.txt,miscelanea,train,8946,1460,c10664170b46742e19857b382d7e9dc8ab68af30bb5e008a452850d581f4d9ca,ba44149cdd3bf4b57e764ba939ec31e65c5d36127d006751ce5bd18f46a0ef8e
miscelanea/mams04.txt,miscelanea,train,3482,560,eb3c7ee4cb8b94ec5109177e601cb56ee3681842456435d6f358a363ef1f0f27,402ff841c4c8c4bdee50563eb0b711c1ec86423540930acb4f76b5c7cc18d727
miscelanea/mams05.txt,miscelanea,train,6548,1052,32e0cdf260b3d6f2fa98947962375d3c59fae2be60beef60828e1384e6990f0f,61dd51f737b38feb140f0b63f6ca1ea5ab1ec61ba542df532c87ec6842c6993d
miscelanea/mams06.txt,miscelanea,test,1256,203,deb2b3ea356eb35dc733b609dfaa388dcc61e1cf3c7d56efa3768b18884dfee3,ed6bcabaf0c8e0117882db7dd02f82362a52e772972169ee46e6c768e048c5d4
miscelanea/mams07.txt,miscelanea,test,3800,633,1ee683717c2c9a9d4ee1ddb590d9512358f401027457dcfd72cfb8ac5d35399b,7b15e9b20e5406aeb2ba0754d250034a99d807f79db7c901dd7ca4d69c86acb5
miscelanea/mams08.txt,miscelanea,train,8828,1525,17580f0a8a503d497ed704f67bfe8e84b7b2601f4d17f82f8ca4bd468623d9da,f1c6f83aa04b5121a475b44508d91cd681732a25dc55c226e6e2f8db8fe338b8
miscelanea/mams09.txt,miscelanea,validation,4158,718,c0c392eaebbc8de88a0265cd429d347055ba6af9a19a3db851beb8e514a5a067,ff9f7ec95ffaafc7f440df8a70b801c5a8688ecab9e7488aea35458f1a45ca16
miscelanea/mams10.txt,miscelanea,train,5826,999,6ff07ad2b318afbd7f4e0085e5a833e08b25ac895b427c62796db8add8dff063,811ea0486dfa69aaba8a36b8f0bd5751519fbf7813b57dc27d09b87e7d4fb18a
poesia/maps01.txt,poesia,validation,72799,12828,75a5f23729c8a3724f13848604d94577fa78d2d65d314be084f732ee72c50240,3e9f2dc0f602d7b8f3072c7b500c13535e6061869a067f23f9e55cbc3bb86bab
poesia/maps02.txt,poesia,train,112238,17546,1dfc2ffa5b2dab03931829f64626035dbdb78d81d939976b905acfc04b9f6dac,e82c75b9d258e4d991e53c9112ef132fed01dff937fe1bf88d60fb51e5edf546
poesia/maps03.txt,poesia,train,102422,17765,79058943a48aa620ef1dbd27c597572246be109d4319da9c2b365f87a31bf5d8,476d29a4381c30959827cccc1ca590918721525358b36288d6313e28e711773b
poesia/maps04.txt,poesia,train,118691,20334,cec52ccbb193518485f5b4b69270e8e998e60ba30f3a44389a2f93939e6ce890,fa656adb4ec3ac33587d1104d17296c3b2d82e850b3ff669d33bde5b96f863b4
poesia/maps05.txt,poesia,test,42603,7429,661f9e271596238583a4c048b87d00b30d0f99650a5c66f116fc4f533dfd4f7d,6f2eff7dca3862d8e2c873876f0c195fbb095ee405dc1dc95968388044329b7b
poesia/maps06.txt,poesia,train,103930,17668,8885e10a38aeeef8c14e39b9de66a9b01c017475d21cb95c8f05c5c64515dff9,054fe75cb6fb465279a0faf073cd3c52f88f1d84f8f44f7b3eabc3312ad7bad6
poesia/maps07.txt,poesia,train,136836,23496,79552162693522a86d77d771ac9a43f0f1c15cc06c3fd9a9e4b029d296a58374,7694fa3ebb692474160dae9c249edfd8d9f2a70eb6da293ed47694615b0feb49
romance/marm01.txt,romance,test,220518,36933,471b44719753de6f822f1ea2047e7d1f7470fa38d8225e0bcfb1c79fc85ce788,ff974775534413c1f45c2e98a2394da0386c5353b2d57a7730ef5ef657997a25
romance/marm02.txt,romance,train,201580,35330,6a36ba7201ee12ccc0de4453a6f45602b444ccf773fe96536e33867aab615e1e,de2a3a295e807cca981d9d7e340b06ee5c7ddaf03c546b25f3d404547f031b7b
romance/marm03.txt,romance,train,338373,56275,a7e722a2ceb4075d4339babf98ca071659783b062f91b38837002cecf562461b,335f14bf232a7d9e300fc0fc7f6adcc7a24e2293c45f3323b37cf35bac01810a
romance/marm04.txt,romance,train,336879,56663,5aeab05a4c7838fea109122653cf5208d35cc0215a1704995d2a928c276357c0,7d3756d743f4bc01d00b007419ec4ee8dd83fde4e3b3af67e517b0f229450adb
romance/marm05.txt,romance,train,355705,61248,a5cdb1ce0958240aef85905575df58121618c38428fb52f13b98ee1eefbdb656,8183bd7632253a3c1a3d5d657882a930e9042a79a659104949a3207988ebcc8d
romance/marm06.txt,romance,train,130935,22253,a4a180dde13486a88d6c3f6946964e733252625531096d79aafdbbe91fa9147f,3d0ec40b9c2cde779f3e5f02b4b979d248272d273e010bda045f832209d89bd1
romance/marm07.txt,romance,train,446501,77383,404dde36f8e237725141938e9f9a9a915a0bf84031a2230d3d6e6ce8d3db6b0c,4411db806fcc3c6f690fb6a3c350cb88f84258b006564183717af84904514b98
romance/marm08.txt,romance,train,373500,66204,bb7e225c6412e35a5b994ce24ff02602472f32db48a2b32401745ce92f3d06d0,3e6d53e2aea02a889a04566f7b8bcca241b486fc65275021dd3aac2a4ef50048
romance/marm09.txt,romance,train,412058,72278,78661a66c93219377cc014308c6040e774e0a45761e20d9bf5c75487b9043812,96e12737922124199c5fabd69d98b356fb84c16709467f0b2324bcbdf40607a3
romance/marm10.txt,romance,validation,282377,50890,160881b2d033ac6ac77e7139aa26e565f27f1084f7a2eb5445fc88866d3569b2,69af3daedd5510dc0bd219f6216433363d59364067d2a0b8144a3966950f8124
teatro/matt01.txt,teatro,train,51664,8836,7250b9ca3eb4b08081a38614d53dc20d0e3fa9b4f88ba8c509962318a3e0fd2e,26efddda9a7b5bf48f4bae023a63611c284654a02511c4982c84c43577bc2a77
teatro/matt02.txt,teatro,train,25729,4152,37268acd4310d4b0c5b190acb8e0260e67a3677058754cf1433fba5388914226,d7ba111c42051367fadf2b1e708c722c5128f472f6996fcbdf404df136192902
teatro/matt03.txt,teatro,train,48617,8203,2db4091f72bca5090544623ac57336ea5f4964be2d24c0d71964b039f972176c,2e748dfac084690d5668034f5f0d20e0baab8bdf2bb90b950ecb27690f6bf88d
teatro/matt04.txt,teatro,train,77978,11959,02a4c58c2900634b20733344f0bbb8002c9a79adfe551e325d6e8447ae0cedd4,52bb4236d5cc050a6fd5b05e075464077f6f8576d64428ae31eaade46dde9dc3
teatro/matt05.txt,teatro,train,30881,5075,40ebdf1ffdef5da669ca92227f7542325fa026733b6dcf8f1809a7250be25009,8c9587ff6e72906251ffaaceaa40d4d09299d98110c76bac0197a4f93048ca39
teatro/matt06.txt,teatro,train,36128,6035,2e70cf8a4531d8cf19cb46680b0385ce3dd3d3828a072b3f0b74793a8da9f0c1,9f2599066f59aaed99e361ec7922f0aa28a0ce3a4d258d5abd20faa2fa987b9a
teatro/matt07.txt,teatro,train,8108,1465,c3c5dbb2775cbd885ad205af5f558067c3b0e6da17a68e57eed1fffb1f3a710e,425943777eeccf74fdc038adccb1b97b1a96d85726f84abc21215ffa0972c75e
teatro/matt08.txt,teatro,train,41035,7065,7d444e4c5519ff20f314ff33ec96a37260a005da24d05c3fa08b4fd0748a1d7d,b75b5abd62298f6d1fa8883d7eda0abeb89bfedf7d8713224066682493cd36e8
teatro/matt09.txt,teatro,test,32835,5572,f76b8c6e56e1b235ea5e5cee6f8a8e7371395344947c5840e07c7a422eb807ab,a9cdc32151fe1cb0094402c96c0a7507d2d562f99c3b5e6d1c2fcc287ecf76cb
teatro/matt10.txt,teatro,validation,35486,6105,d29833fc895215ba9262c07be0064116a4755f117b905b3f02010d2d4ae90f16,71dfce056290608ebf7b38cbdd10d7832603c7b038c8a364fc179e55645153df
